fecha,entidad,fondo,nemotecnico,moneda,valor_cop
2026-01,Porvenir,FONDO DE PENSIONES OBLIGATORIAS PORVENIR CONSERVADOR,BGLT30150645,USD,6860934285.75
2026-01,Porvenir,FONDO DE PENSIONES OBLIGATORIAS PORVENIR CONSERVADOR,BGLT30071154,USD,3962529297.9
2026-01,Porvenir,FONDO DE PENSIONES OBLIGATORIAS PORVENIR CONSERVADOR,BGLT30071154,USD,3962529297.9
2026-01,Porvenir,FONDO DE PENSIONES OBLIGATORIAS PORVENIR CONSERVADOR,BGLT30260244,USD,6160663666.8
2026-01,Porvenir,FONDO DE PENSIONES OBLIGATORIAS PORVENIR RETIRO PROGRAMADO,BGLT11020234,USD,19917805455.0
2026-01,Porvenir,FONDO DE PENSIONES OBLIGATORIAS PORVENIR CONSERVADOR,BGLT30150645,USD,9605308000.05
2026-01,Porvenir,FONDO DE PENSIONES OBLIGATORIAS PORVENIR CONSERVADOR,BGLT30150645,USD,5488747428.6
2026-01,Colfondos,FONDO DE PENSIONES COLFONDOS CONSERVADOR,BGLT30150645,USD,3018811085.73
2026-01,Porvenir,FONDO DE CESANTIAS,BGLT11200433,USD,4036966429.5
2026-01,Porvenir,FONDO DE PENSIONES OBLIGATORIAS PORVENIR CONSERVADOR,BGLT30150645,USD,5488747428.6
2026-01,Porvenir,FONDO DE CESANTIAS,BGLT30150549,USD,2758211386.2
2026-01,Porvenir,FONDO DE PENSIONES OBLIGATORIAS PORVENIR CONSERVADOR,BGLT12071136,USD,11765581470.9
2026-01,Porvenir,FONDO DE PENSIONES OBLIGATORIAS PORVENIR CONSERVADOR,BGLT11200433,USD,12110899288.5
2026-01,Porvenir,FONDO DE PENSIONES OBLIGATORIAS PORVENIR CONSERVADOR,BGLT30071154,USD,11887587893.7
2026-01,Porvenir,FONDO DE PENSIONES OBLIGATORIAS PORVENIR CONSERVADOR,BGLT12071136,USD,3921860490.3
2026-01,Porvenir,FONDO DE PENSIONES OBLIGATORIAS PORVENIR CONSERVADOR,BGLT30071154,USD,7925058595.8
2026-01,Porvenir,FONDO DE CESANTIAS,BGLT10250435,USD,4136032414.8
2026-01,Porvenir,FONDO DE PENSIONES OBLIGATORIAS PORVENIR CONSERVADOR,BGLT11020234,USD,11950683273.0
2026-01,Porvenir,FONDO DE PENSIONES OBLIGATORIAS PORVENIR CONSERVADOR,BGLT10250435,USD,12408097244.4
2026-01,Porvenir,FONDO DE PENSIONES OBLIGATORIAS PORVENIR CONSERVADOR,BGLT30071154,USD,19812646489.5
2026-01,Porvenir,FONDO DE PENSIONES OBLIGATORIAS PORVENIR CONSERVADOR,BGLT11200433,USD,4036966429.5
2026-01,Porvenir,FONDO DE PENSIONES OBLIGATORIAS PORVENIR CONSERVADOR,BGLT30150549,USD,8274634158.6
2026-01,Porvenir,FONDO DE PENSIONES OBLIGATORIAS PORVENIR CONSERVADOR,BGLT30071154,USD,3962529297.9
2026-01,Porvenir,FONDO DE PENSIONES OBLIGATORIAS PORVENIR CONSERVADOR,BGLT32180141,USD,3267525803.4
2026-01,Porvenir,FONDO DE PENSIONES OBLIGATORIAS PORVENIR CONSERVADOR,BGLT31180937,USD,30823726147.2
2026-01,Porvenir,FONDO DE PENSIONES OBLIGATORIAS PORVENIR CONSERVADOR,BGLT12071136,USD,3921860490.3
2026-01,Porvenir,FONDO DE PENSIONES OBLIGATORIAS PORVENIR RETIRO PROGRAMADO,BGLT30071154,USD,3962529297.9
2026-01,Porvenir,FONDO DE PENSIONES OBLIGATORIAS PORVENIR CONSERVADOR,BGLT30071154,USD,3962529297.9
2026-01,Porvenir,FONDO DE PENSIONES OBLIGATORIAS PORVENIR CONSERVADOR,BGLT12141135,USD,3998646722.7
2026-01,Porvenir,FONDO DE PENSIONES OBLIGATORIAS PORVENIR RETIRO PROGRAMADO,BGLT12071136,USD,19609302451.5
2026-01,Porvenir,FONDO DE PENSIONES OBLIGATORIAS PORVENIR CONSERVADOR,BGLT32180141,USD,3267525803.4
2026-01,Porvenir,FONDO DE PENSIONES OBLIGATORIAS PORVENIR CONSERVADOR,BGLT03190928,EUR,44121942684.68
2026-01,Porvenir,FONDO DE PENSIONES OBLIGATORIAS PORVENIR RETIRO PROGRAMADO,BGLT12141135,USD,3998646722.7
2026-01,Porvenir,FONDO DE PENSIONES OBLIGATORIAS PORVENIR CONSERVADOR,BGLT30150645,USD,19210616000.1
2026-01,Porvenir,FONDO DE PENSIONES OBLIGATORIAS PORVENIR CONSERVADOR,BGLT30150549,USD,5516422772.4
2026-01,Porvenir,FONDO DE PENSIONES OBLIGATORIAS PORVENIR CONSERVADOR,BGLT30071154,USD,7925058595.8
2026-01,Porvenir,FONDO DE PENSIONES OBLIGATORIAS PORVENIR CONSERVADOR,BGLT30150549,USD,2758211386.2
2026-01,Colfondos,FONDO DE PENSIONES COLFONDOS CONSERVADOR,BGLT30150645,USD,4939872685.74
2026-01,Porvenir,FONDO DE PENSIONES OBLIGATORIAS PORVENIR CONSERVADOR,BGLT12071136,USD,39218604903.0
2026-01,Porvenir,FONDO DE PENSIONES OBLIGATORIAS PORVENIR CONSERVADOR,BGLT30150549,USD,8274634158.6
2026-01,Porvenir,FONDO DE CESANTIAS,BGLT12141135,USD,3998646722.7
2026-01,Porvenir,FONDO DE CESANTIAS,BGLT30071154,USD,1981264648.95
2026-01,Colfondos,FONDO DE PENSIONES MODERADO,BGLT30150645,USD,3430467142.88
2026-01,Porvenir,FONDO DE CESANTIAS,BGLT30071154,USD,11887587893.7
2026-01,Porvenir,FONDO DE PENSIONES OBLIGATORIAS PORVENIR RETIRO PROGRAMADO,BGLT32180141,USD,3267525803.4
2026-01,Porvenir,FONDO DE PENSIONES OBLIGATORIAS PORVENIR RETIRO PROGRAMADO,BGLT12071136,USD,1960930245.15
2026-01,Porvenir,FONDO DE PENSIONES OBLIGATORIAS PORVENIR RETIRO PROGRAMADO,BGLT12071136,USD,3921860490.3
2026-01,Porvenir,FONDO DE PENSIONES OBLIGATORIAS PORVENIR RETIRO PROGRAMADO,BGLT30071154,USD,9906323244.75
2026-01,Porvenir,FONDO DE PENSIONES OBLIGATORIAS PORVENIR RETIRO PROGRAMADO,BGLT03190928,EUR,57358525490.09
2026-01,Porvenir,FONDO DE PENSIONES OBLIGATORIAS PORVENIR RETIRO PROGRAMADO,BGLT05250430,USD,7865303344.2
2026-01,Porvenir,FONDO DE PENSIONES OBLIGATORIAS PORVENIR CONSERVADOR,BGLT32180141,USD,6535051606.8
2026-01,Porvenir,FONDO DE PENSIONES OBLIGATORIAS PORVENIR CONSERVADOR,BGLT30071154,USD,3962529297.9
2026-01,Porvenir,FONDO DE PENSIONES OBLIGATORIAS PORVENIR CONSERVADOR,BGLT30150549,USD,5516422772.4
2026-01,Porvenir,FONDO DE PENSIONES OBLIGATORIAS PORVENIR CONSERVADOR,BGLT32180141,USD,3267525803.4
2026-01,Porvenir,FONDO DE CESANTIAS,BGLT31180937,USD,7705931536.8
2026-01,Porvenir,FONDO DE CESANTIAS,BGLT12071136,USD,3921860490.3
2026-01,Porvenir,FONDO DE CESANTIAS,BGLT32180141,USD,6535051606.8
2026-01,Colfondos,FONDO DE PENSIONES MODERADO,BGLT30150645,USD,26071550285.85
2026-01,Porvenir,FONDO DE PENSIONES OBLIGATORIAS PORVENIR RETIRO PROGRAMADO,BGLT32180141,USD,16337629017.0
2026-01,Porvenir,FONDO DE PENSIONES OBLIGATORIAS PORVENIR RETIRO PROGRAMADO,BGLT30071154,USD,3962529297.9
2026-01,Porvenir,FONDO DE PENSIONES OBLIGATORIAS PORVENIR RETIRO PROGRAMADO,BGLT11200433,USD,4036966429.5
2026-01,Porvenir,FONDO DE PENSIONES OBLIGATORIAS PORVENIR RETIRO PROGRAMADO,BGLT30150549,USD,5516422772.4
2026-01,Porvenir,FONDO DE PENSIONES OBLIGATORIAS PORVENIR RETIRO PROGRAMADO,BGLT30071154,USD,3962529297.9
2026-01,Porvenir,FONDO DE PENSIONES OBLIGATORIAS PORVENIR RETIRO PROGRAMADO,BGLT32180141,USD,3267525803.4
2026-01,Porvenir,FONDO DE PENSIONES OBLIGATORIAS PORVENIR RETIRO PROGRAMADO,BGLT10250435,USD,8272064829.6
2026-01,Porvenir,FONDO DE PENSIONES OBLIGATORIAS PORVENIR RETIRO PROGRAMADO,BGLT30071154,USD,3962529297.9
2026-01,Porvenir,FONDO DE PENSIONES OBLIGATORIAS PORVENIR RETIRO PROGRAMADO,BGLT12071136,USD,3921860490.3
2026-01,Porvenir,FONDO DE PENSIONES OBLIGATORIAS PORVENIR CONSERVADOR,BGLT30150645,USD,13721868571.5
2026-01,Porvenir,FONDO DE PENSIONES OBLIGATORIAS PORVENIR CONSERVADOR,BGLT31180937,USD,23117794610.4
2026-01,Porvenir,FONDO DE PENSIONES OBLIGATORIAS PORVENIR RETIRO PROGRAMADO,BGLT30260244,USD,6160663666.8
2026-01,Porvenir,FONDO DE PENSIONES OBLIGATORIAS PORVENIR CONSERVADOR,BGLT05250430,USD,29494887540.75
2026-01,Porvenir,FONDO DE PENSIONES OBLIGATORIAS PORVENIR RETIRO PROGRAMADO,BGLT11200433,USD,4036966429.5
2026-01,Porvenir,FONDO DE PENSIONES OBLIGATORIAS PORVENIR RETIRO PROGRAMADO,BGLT30260244,USD,15401659167.0
2026-01,Porvenir,FONDO DE PENSIONES OBLIGATORIAS PORVENIR RETIRO PROGRAMADO,BGLT10250435,USD,4136032414.8
2026-01,Porvenir,FONDO DE PENSIONES OBLIGATORIAS PORVENIR CONSERVADOR,BGLT12071136,USD,3921860490.3
2026-01,Porvenir,FONDO DE PENSIONES OBLIGATORIAS PORVENIR RETIRO PROGRAMADO,BGLT31180937,USD,19264828842.0
2026-01,Porvenir,FONDO DE PENSIONES OBLIGATORIAS PORVENIR RETIRO PROGRAMADO,BGLT11020234,USD,27884927637.0
2026-01,Porvenir,FONDO DE PENSIONES OBLIGATORIAS PORVENIR RETIRO PROGRAMADO,BGLT30150549,USD,5516422772.4
2026-01,Porvenir,FONDO DE PENSIONES OBLIGATORIAS PORVENIR CONSERVADOR,BGLT32180141,USD,16337629017.0
2026-01,Porvenir,FONDO DE CESANTIAS,BGLT12071136,USD,19609302451.5
2026-01,Porvenir,FONDO DE CESANTIAS,BGLT30071154,USD,7925058595.8
2026-01,Porvenir,FONDO DE CESANTIAS,BGLT30071154,USD,11887587893.7
2026-01,Porvenir,FONDO DE CESANTIAS,BGLT32180141,USD,3267525803.4
2026-01,Porvenir,FONDO DE CESANTIAS,BGLT30150549,USD,2758211386.2
2026-01,Porvenir,FONDO DE CESANTIAS,BGLT11020234,USD,7967122182.0
2026-01,Porvenir,FONDO DE CESANTIAS,BGLT30071154,USD,3962529297.9
2026-01,Porvenir,FONDO DE CESANTIAS,BGLT30071154,USD,7925058595.8
2026-01,Porvenir,FONDO DE CESANTIAS,BGLT31180937,USD,11558897305.2
2026-01,Porvenir,FONDO DE CESANTIAS,BGLT10250435,USD,4136032414.8
2026-01,Porvenir,FONDO DE CESANTIAS,BGLT12071136,USD,19609302451.5
2026-01,Porvenir,FONDO DE CESANTIAS,BGLT30071154,USD,1981264648.95
2026-01,Porvenir,FONDO DE CESANTIAS,BGLT32180141,USD,16337629017.0
2026-01,Porvenir,FONDO DE PENSIONES OBLIGATORIAS PORVENIR RETIRO PROGRAMADO,BGLT30071154,USD,3962529297.9
2026-01,Porvenir,FONDO DE PENSIONES OBLIGATORIAS PORVENIR CONSERVADOR,BGLT10250435,USD,4136032414.8
2026-01,Colfondos,FONDO DE PENSIONES MODERADO,BGLT30150645,USD,13721868571.5
2026-01,Porvenir,FONDO DE PENSIONES OBLIGATORIAS PORVENIR RETIRO PROGRAMADO,BGLT12071136,USD,19609302451.5
2026-01,Porvenir,FONDO DE PENSIONES OBLIGATORIAS PORVENIR RETIRO PROGRAMADO,BGLT12071136,USD,3921860490.3
2026-01,Porvenir,FONDO DE PENSIONES OBLIGATORIAS PORVENIR RETIRO PROGRAMADO,BGLT32180141,USD,58815464461.2
2026-01,Porvenir,FONDO DE PENSIONES OBLIGATORIAS PORVENIR RETIRO PROGRAMADO,BGLT31180937,USD,22732498033.56
2026-01,Porvenir,FONDO DE PENSIONES OBLIGATORIAS PORVENIR RETIRO PROGRAMADO,BGLT30071154,USD,3962529297.9
2026-01,Porvenir,FONDO DE PENSIONES OBLIGATORIAS PORVENIR RETIRO PROGRAMADO,BGLT30071154,USD,3962529297.9
2026-01,Porvenir,FONDO DE PENSIONES OBLIGATORIAS PORVENIR RETIRO PROGRAMADO,BGLT32180141,USD,3267525803.4
2026-01,Porvenir,FONDO DE PENSIONES OBLIGATORIAS PORVENIR RETIRO PROGRAMADO,BGLT32180141,USD,6535051606.8
2026-01,Porvenir,FONDO DE PENSIONES OBLIGATORIAS PORVENIR RETIRO PROGRAMADO,BGLT30071154,USD,15850117191.6
2026-01,Porvenir,FONDO DE PENSIONES OBLIGATORIAS PORVENIR CONSERVADOR,BGLT12071136,USD,39218604903.0
2026-01,Colfondos,FONDO DE CESANTIAS LEY 50,BGLT30150645,USD,1646624228.58
2026-01,Porvenir,FONDO DE PENSIONES OBLIGATORIAS PORVENIR RETIRO PROGRAMADO,BGLT30071154,USD,7925058595.8
2026-01,Porvenir,FONDO DE CESANTIAS,BGLT30150645,USD,5214310057.17
2026-01,Porvenir,FONDO DE PENSIONES OBLIGATORIAS PORVENIR RETIRO PROGRAMADO,BGLT05250430,USD,5898977508.15
2026-01,Porvenir,FONDO DE PENSIONES OBLIGATORIAS PORVENIR CONSERVADOR,BGLT30260244,USD,15401659167.0
2026-01,Porvenir,FONDO DE PENSIONES OBLIGATORIAS PORVENIR CONSERVADOR,BGLT30071154,USD,3962529297.9
2026-01,Porvenir,FONDO DE PENSIONES OBLIGATORIAS PORVENIR CONSERVADOR,BGLT12071136,USD,3921860490.3
2026-01,Porvenir,FONDO DE PENSIONES OBLIGATORIAS PORVENIR CONSERVADOR,BGLT30150549,USD,33181282975.99
2026-01,Colfondos,FONDO DE PENSIONES MODERADO,BGLT30150645,USD,30188110857.3
2026-01,Colfondos,FONDO DE PENSIONES MODERADO,BGLT30150645,USD,15094055428.65
2026-01,Porvenir,FONDO DE PENSIONES OBLIGATORIO MODERADO,BGLT11020234,USD,77679441274.5
2026-01,Porvenir,FONDO DE PENSIONES OBLIGATORIO MODERADO,BGLT12071136,USD,27453023432.1
2026-01,Porvenir,FONDO DE PENSIONES OBLIGATORIO MODERADO,BGLT30150645,USD,24699363428.7
2026-01,Porvenir,FONDO DE PENSIONES OBLIGATORIO MODERADO,BGLT31180937,USD,203051295994.68
2026-01,Colfondos,FONDO DE PENSIONES COLFONDOS MAYOR RIESGO,BGLT30150645,USD,32383609828.74
2026-01,Porvenir,FONDO DE PENSIONES OBLIGATORIO MODERADO,BGLT30071154,USD,33681499032.15
2026-01,Porvenir,FONDO DE PENSIONES OBLIGATORIO MODERADO,BGLT30071154,USD,19812646489.5
2026-01,Porvenir,FONDO DE PENSIONES OBLIGATORIO MODERADO,BGLT32180141,USD,45745361247.6
2026-01,Porvenir,FONDO DE PENSIONES OBLIGATORIO MODERADO,BGLT11020234,USD,23901366546.0
2026-01,Porvenir,FONDO DE PENSIONES OBLIGATORIO MODERADO,BGLT32180141,USD,16337629017.0
2026-01,Porvenir,FONDO DE PENSIONES OBLIGATORIO MODERADO,BGLT10250435,USD,41360324148.0
2026-01,Porvenir,FONDO DE PENSIONES OBLIGATORIO MODERADO,BGLT12141135,USD,39986467227.0
2026-01,Porvenir,FONDO DE PENSIONES OBLIGATORIO MODERADO,BGLT30071154,USD,25756440436.35
2026-01,Porvenir,FONDO DE PENSIONES OBLIGATORIO MODERADO,BGLT12071136,USD,31374883922.4
2026-01,Porvenir,FONDO DE PENSIONES OBLIGATORIO MODERADO,BGLT11200433,USD,32295731436.0
2026-01,Porvenir,FONDO DE PENSIONES OBLIGATORIO MODERADO,BGLT11200433,USD,16147865718.0
2026-01,Porvenir,FONDO DE PENSIONES OBLIGATORIO MODERADO,BGLT32180141,USD,13070103213.6
2026-01,Porvenir,FONDO DE PENSIONES OBLIGATORIO MODERADO,BGLT12071136,USD,15687441961.2
2026-01,Porvenir,FONDO DE PENSIONES OBLIGATORIO MODERADO,BGLT30071154,USD,79250585958.0
2026-01,Porvenir,FONDO DE PENSIONES OBLIGATORIO MODERADO,BGLT30071154,USD,15850117191.6
2026-01,Porvenir,FONDO DE PENSIONES OBLIGATORIO MODERADO,BGLT12071136,USD,11765581470.9
2026-01,Porvenir,FONDO DE PENSIONES OBLIGATORIO MODERADO,BGLT32180141,USD,16337629017.0
2026-01,Porvenir,FONDO DE PENSIONES OBLIGATORIO MODERADO,BGLT05250430,USD,25562235868.65
2026-01,Porvenir,FONDO DE PENSIONES OBLIGATORIO MODERADO,BGLT12071136,USD,68632558580.25
2026-01,Porvenir,FONDO DE PENSIONES OBLIGATORIO MODERADO,BGLT30150645,USD,41165605714.5
2026-01,Porvenir,FONDO DE PENSIONES OBLIGATORIO MODERADO,BGLT11200433,USD,12110899288.5
2026-01,Porvenir,FONDO DE PENSIONES OBLIGATORIO MODERADO,BGLT30150549,USD,34477642327.5
2026-01,Porvenir,FONDO DE PENSIONES OBLIGATORIO MODERADO,BGLT30071154,USD,71325527362.2
2026-01,Porvenir,FONDO DE PENSIONES OBLIGATORIO MODERADO,BGLT30150549,USD,15299798559.25
2026-01,Porvenir,FONDO DE PENSIONES OBLIGATORIO MODERADO,BGLT12071136,USD,15687441961.2
2026-01,Porvenir,FONDO DE PENSIONES OBLIGATORIO MODERADO,BGLT32180141,USD,32675258034.0
2026-01,Porvenir,FONDO DE PENSIONES OBLIGATORIO MODERADO,BGLT30071154,USD,67362998064.3
2026-01,Porvenir,FONDO DE PENSIONES OBLIGATORIO MODERADO,BGLT03190928,EUR,4646040564.7
2026-01,Porvenir,FONDO DE PENSIONES OBLIGATORIO MODERADO,BGLT30071154,USD,59437939468.5
2026-01,Porvenir,FONDO DE PENSIONES OBLIGATORIO MODERADO,BGLT30071154,USD,110950820341.2
2026-01,Porvenir,FONDO DE PENSIONES OBLIGATORIO MODERADO,BGLT30071154,USD,87175644553.8
2026-01,Porvenir,FONDO DE PENSIONES OBLIGATORIO MODERADO,BGLT12141135,USD,15994586890.8
2026-01,Porvenir,FONDO DE PENSIONES OBLIGATORIO MODERADO,BGLT30071154,USD,19812646489.5
2026-01,Porvenir,FONDO DE PENSIONES OBLIGATORIO MODERADO,BGLT30150549,USD,13791056931.0
2026-01,Porvenir,FONDO DE PENSIONES OBLIGATORIO MODERADO,BGLT32180141,USD,16337629017.0
2026-01,Porvenir,FONDO DE PENSIONES OBLIGATORIO MODERADO,BGLT30071154,USD,51512880872.7
2026-01,Porvenir,FONDO DE PENSIONES OBLIGATORIO MODERADO,BGLT12071136,USD,39218604903.0
2026-01,Porvenir,FONDO DE PENSIONES OBLIGATORIO MODERADO,BGLT30150645,USD,41165605714.5
2026-01,Porvenir,FONDO DE PENSIONES OBLIGATORIO MODERADO,BGLT30150645,USD,23853273012.58
2026-01,Porvenir,FONDO DE PENSIONES OBLIGATORIO MODERADO,BGLT10250435,USD,16544129659.2
2026-01,Porvenir,FONDO DE PENSIONES OBLIGATORIO MODERADO,BGLT32180141,USD,32675258034.0
2026-01,Porvenir,FONDO DE PENSIONES OBLIGATORIO MODERADO,BGLT30071154,USD,19812646489.5
2026-01,Porvenir,FONDO DE PENSIONES OBLIGATORIO MODERADO,BGLT31180937,USD,57794486526.0
2026-01,Porvenir,FONDO DE PENSIONES OBLIGATORIO MODERADO,BGLT30071154,USD,33681499032.15
2026-01,Porvenir,FONDO DE PENSIONES OBLIGATORIO MODERADO,BGLT30071154,USD,11887587893.7
2026-01,Porvenir,FONDO DE PENSIONES OBLIGATORIO MODERADO,BGLT30150645,USD,13721868571.5
2026-01,Porvenir,FONDO DE PENSIONES OBLIGATORIO MODERADO,BGLT30150645,USD,16466242285.8
2026-01,Porvenir,FONDO DE PENSIONES OBLIGATORIO MODERADO,BGLT30071154,USD,19812646489.5
2026-01,Porvenir,FONDO DE PENSIONES OBLIGATORIO MODERADO,BGLT30150549,USD,22065691089.6
2026-01,Porvenir,FONDO DE PENSIONES OBLIGATORIO MODERADO,BGLT32180141,USD,9802577410.2
2026-01,Porvenir,FONDO DE PENSIONES OBLIGATORIO MODERADO,BGLT12071136,USD,31374883922.4
2026-01,Porvenir,FONDO DE PENSIONES OBLIGATORIO MODERADO,BGLT30150549,USD,24823902475.8
2026-01,Porvenir,FONDO DE PENSIONES OBLIGATORIO MODERADO,BGLT32180141,USD,16337629017.0
2026-01,Porvenir,FONDO DE PENSIONES OBLIGATORIO MODERADO,BGLT30150549,USD,13791056931.0
2026-01,Porvenir,FONDO DE PENSIONES OBLIGATORIO MODERADO,BGLT12071136,USD,15687441961.2
2026-01,Porvenir,FONDO DE PENSIONES OBLIGATORIO MODERADO,BGLT30150549,USD,27582113862.0
2026-01,Porvenir,FONDO DE PENSIONES OBLIGATORIO MODERADO,BGLT30260244,USD,616066.37
2026-01,Porvenir,FONDO DE PENSIONES OBLIGATORIO MODERADO,BGLT32180141,USD,19605154820.4
2026-01,Porvenir,FONDO DE PENSIONES OBLIGATORIO MODERADO,BGLT11020234,USD,23901366546.0
2026-01,Porvenir,FONDO DE PENSIONES OBLIGATORIAS PORVENIR MAYOR RIESGO,BGLT30071154,USD,23775175787.4
2026-01,Porvenir,FONDO DE PENSIONES OBLIGATORIAS PORVENIR MAYOR RIESGO,BGLT32180141,USD,13070103213.6
2026-01,Porvenir,FONDO DE PENSIONES OBLIGATORIAS PORVENIR MAYOR RIESGO,BGLT30071154,USD,19812646489.5
2026-01,Porvenir,FONDO DE PENSIONES OBLIGATORIAS PORVENIR MAYOR RIESGO,BGLT30071154,USD,27737705085.3
2026-01,Porvenir,FONDO DE PENSIONES OBLIGATORIAS PORVENIR MAYOR RIESGO,BGLT32180141,USD,16337629017.0
2026-01,Porvenir,FONDO DE PENSIONES OBLIGATORIAS PORVENIR MAYOR RIESGO,BGLT32180141,USD,19605154820.4
2026-01,Porvenir,FONDO DE PENSIONES OBLIGATORIAS PORVENIR MAYOR RIESGO,BGLT30260244,USD,2507390112.39
2026-01,Porvenir,FONDO DE PENSIONES OBLIGATORIAS PORVENIR MAYOR RIESGO,BGLT12071136,USD,27453023432.1
2026-01,Porvenir,FONDO DE PENSIONES OBLIGATORIAS PORVENIR MAYOR RIESGO,BGLT12141135,USD,15586724925.08
2026-01,Porvenir,FONDO DE PENSIONES OBLIGATORIAS PORVENIR MAYOR RIESGO,BGLT32180141,USD,16337629017.0
2026-01,Porvenir,FONDO DE PENSIONES OBLIGATORIAS PORVENIR MAYOR RIESGO,BGLT30071154,USD,19812646489.5
2026-01,Porvenir,FONDO DE PENSIONES OBLIGATORIAS PORVENIR MAYOR RIESGO,BGLT11200433,USD,8073932859.0
2026-01,Porvenir,FONDO DE PENSIONES OBLIGATORIAS PORVENIR MAYOR RIESGO,BGLT32180141,USD,13070103213.6
2026-01,Porvenir,FONDO DE PENSIONES OBLIGATORIAS PORVENIR MAYOR RIESGO,BGLT30260244,USD,17163300942.52
2026-01,Porvenir,FONDO DE PENSIONES OBLIGATORIAS PORVENIR MAYOR RIESGO,BGLT31180937,USD,94397661325.8
2026-01,Porvenir,FONDO DE PENSIONES OBLIGATORIAS PORVENIR MAYOR RIESGO,BGLT30260244,USD,4429517176.43
2026-01,Porvenir,FONDO DE PENSIONES OBLIGATORIAS PORVENIR MAYOR RIESGO,BGLT32180141,USD,26140206427.2
2026-01,Porvenir,FONDO DE PENSIONES OBLIGATORIAS PORVENIR MAYOR RIESGO,BGLT30071154,USD,11887587893.7
2026-01,Porvenir,FONDO DE PENSIONES OBLIGATORIAS PORVENIR MAYOR RIESGO,BGLT30260244,USD,5809505837.79
2026-01,Porvenir,FONDO DE PENSIONES OBLIGATORIAS PORVENIR MAYOR RIESGO,BGLT30150645,USD,5530461909.06
2026-01,Porvenir,FONDO DE PENSIONES OBLIGATORIAS PORVENIR MAYOR RIESGO,BGLT30150645,USD,12330745535.72
2026-01,Porvenir,FONDO DE PENSIONES OBLIGATORIAS PORVENIR MAYOR RIESGO,BGLT30260244,USD,4041087332.24
2026-01,Porvenir,FONDO DE PENSIONES OBLIGATORIAS PORVENIR MAYOR RIESGO,BGLT12071136,USD,19609302451.5
2026-01,Porvenir,FONDO DE PENSIONES OBLIGATORIAS PORVENIR MAYOR RIESGO,BGLT30260244,USD,4993833968.31
2026-01,Porvenir,FONDO DE PENSIONES OBLIGATORIAS PORVENIR MAYOR RIESGO,BGLT30071154,USD,13868852542.65
2026-01,Porvenir,FONDO DE PENSIONES OBLIGATORIAS PORVENIR MAYOR RIESGO,BGLT30071154,USD,47550351574.8
2026-01,Porvenir,FONDO DE PENSIONES OBLIGATORIAS PORVENIR MAYOR RIESGO,BGLT30260244,USD,5500548554.9
2026-01,Porvenir,FONDO DE PENSIONES OBLIGATORIAS PORVENIR MAYOR RIESGO,BGLT32180141,USD,9802577410.2
2026-01,Porvenir,FONDO DE PENSIONES OBLIGATORIAS PORVENIR MAYOR RIESGO,BGLT30260244,USD,7030857409.74
2026-01,Porvenir,FONDO DE PENSIONES OBLIGATORIAS PORVENIR MAYOR RIESGO,BGLT32180141,USD,49012887051.0
2026-01,Porvenir,FONDO DE PENSIONES OBLIGATORIAS PORVENIR MAYOR RIESGO,BGLT30260244,USD,12552660254.29
2026-01,Porvenir,FONDO DE PENSIONES OBLIGATORIAS PORVENIR MAYOR RIESGO,BGLT32180141,USD,32675258034.0
2026-01,Porvenir,FONDO DE PENSIONES OBLIGATORIAS PORVENIR MAYOR RIESGO,BGLT30150227,USD,1945385804.7
2026-01,Porvenir,FONDO DE PENSIONES OBLIGATORIAS PORVENIR MAYOR RIESGO,BGLT30260244,USD,2527104236.12
2026-01,Porvenir,FONDO DE PENSIONES OBLIGATORIAS PORVENIR MAYOR RIESGO,BGLT11020234,USD,15934244364.0
2026-01,Porvenir,FONDO DE PENSIONES OBLIGATORIAS PORVENIR MAYOR RIESGO,BGLT30260244,USD,27722986500.6
2026-01,Porvenir,FONDO DE PENSIONES OBLIGATORIAS PORVENIR MAYOR RIESGO,BGLT11200433,USD,32295731436.0
2026-01,Porvenir,FONDO DE PENSIONES OBLIGATORIAS PORVENIR MAYOR RIESGO,BGLT12141135,USD,11995940168.1
2026-01,Porvenir,FONDO DE PENSIONES OBLIGATORIAS PORVENIR MAYOR RIESGO,BGLT32180141,USD,9802577410.2
2026-01,Porvenir,FONDO DE PENSIONES OBLIGATORIAS PORVENIR MAYOR RIESGO,BGLT30260244,USD,14125169655.24
2026-01,Porvenir,FONDO DE PENSIONES OBLIGATORIAS PORVENIR MAYOR RIESGO,BGLT30071154,USD,7925058595.8
2026-01,Porvenir,FONDO DE PENSIONES OBLIGATORIAS PORVENIR MAYOR RIESGO,BGLT30071154,USD,11887587893.7
2026-01,Porvenir,FONDO DE PENSIONES OBLIGATORIAS PORVENIR MAYOR RIESGO,BGLT30071154,USD,59437939468.5
2026-01,Porvenir,FONDO DE PENSIONES OBLIGATORIAS PORVENIR MAYOR RIESGO,BGLT12071136,USD,7843720980.6
2026-01,Porvenir,FONDO DE PENSIONES OBLIGATORIAS PORVENIR MAYOR RIESGO,BGLT30150549,USD,7058262937.29
2026-01,Porvenir,FONDO DE PENSIONES OBLIGATORIAS PORVENIR MAYOR RIESGO,BGLT30260244,USD,3539301276.58
2026-01,Porvenir,FONDO DE PENSIONES OBLIGATORIAS PORVENIR MAYOR RIESGO,BGLT30260244,USD,8213088767.39
2026-01,Porvenir,FONDO DE PENSIONES OBLIGATORIAS PORVENIR MAYOR RIESGO,BGLT30150549,USD,8274634158.6
2026-01,Porvenir,FONDO DE PENSIONES OBLIGATORIAS PORVENIR MAYOR RIESGO,BGLT11200433,USD,12110899288.5
2026-01,Porvenir,FONDO DE PENSIONES OBLIGATORIAS PORVENIR MAYOR RIESGO,BGLT12071136,USD,15687441961.2
2026-01,Porvenir,FONDO DE PENSIONES OBLIGATORIAS PORVENIR MAYOR RIESGO,BGLT30150549,USD,19307479703.4
2026-01,Porvenir,FONDO DE PENSIONES OBLIGATORIAS PORVENIR MAYOR RIESGO,BGLT32180141,USD,6535051606.8
2026-01,Porvenir,FONDO DE PENSIONES OBLIGATORIAS PORVENIR MAYOR RIESGO,BGLT30071154,USD,19812646489.5
2026-01,Porvenir,FONDO DE PENSIONES OBLIGATORIAS PORVENIR MAYOR RIESGO,BGLT10250435,USD,12408097244.4
2026-01,Porvenir,FONDO DE PENSIONES OBLIGATORIAS PORVENIR MAYOR RIESGO,BGLT31180937,USD,46235589220.8
2026-01,Porvenir,FONDO DE PENSIONES OBLIGATORIAS PORVENIR MAYOR RIESGO,BGLT10250435,USD,37224291733.2
2026-01,Porvenir,FONDO DE PENSIONES OBLIGATORIAS PORVENIR MAYOR RIESGO,BGLT12071136,USD,11765581470.9
2026-01,Porvenir,FONDO DE PENSIONES OBLIGATORIAS PORVENIR MAYOR RIESGO,BGLT30260244,USD,12041633203.13
2026-01,Porvenir,FONDO DE PENSIONES OBLIGATORIAS PORVENIR MAYOR RIESGO,BGLT30071154,USD,41606557627.95
2026-01,Porvenir,FONDO DE PENSIONES OBLIGATORIAS PORVENIR MAYOR RIESGO,BGLT11020234,USD,67720538547.0
2026-01,Porvenir,FONDO DE PENSIONES OBLIGATORIAS PORVENIR MAYOR RIESGO,BGLT30071154,USD,11887587893.7
2026-01,Porvenir,FONDO DE PENSIONES OBLIGATORIAS PORVENIR MAYOR RIESGO,BGLT30071154,USD,19812646489.5
2026-01,Porvenir,FONDO DE PENSIONES OBLIGATORIAS PORVENIR MAYOR RIESGO,BGLT11020234,USD,3983561091.0
2026-02,Porvenir,FONDO DE PENSIONES OBLIGATORIAS PORVENIR CONSERVADOR,BGLT10250435,USD,4252529330.0
2026-02,Porvenir,FONDO DE PENSIONES OBLIGATORIAS PORVENIR CONSERVADOR,BGLT05250430,USD,30461834400.0
2026-02,Porvenir,FONDO DE PENSIONES OBLIGATORIAS PORVENIR CONSERVADOR,BGLT30150645,USD,9875991860.0
2026-02,Porvenir,FONDO DE PENSIONES OBLIGATORIAS PORVENIR CONSERVADOR,BGLT11200433,USD,4152270424.0
2026-02,Porvenir,FONDO DE PENSIONES OBLIGATORIAS PORVENIR CONSERVADOR,BGLT30071154,USD,4086435500.0
2026-02,Porvenir,FONDO DE PENSIONES OBLIGATORIAS PORVENIR CONSERVADOR,BGLT30260244,USD,15299840490.0
2026-02,Porvenir,FONDO DE PENSIONES OBLIGATORIAS PORVENIR CONSERVADOR,BGLT12141135,USD,4116678889.0
2026-02,Porvenir,FONDO DE PENSIONES OBLIGATORIAS PORVENIR RETIRO PROGRAMADO,BGLT11020234,USD,19690216400.0
2026-02,Porvenir,FONDO DE PENSIONES OBLIGATORIAS PORVENIR RETIRO PROGRAMADO,BGLT30260244,USD,15299840490.0
2026-02,Porvenir,FONDO DE PENSIONES OBLIGATORIAS PORVENIR CONSERVADOR,BGLT30150549,USD,34183518056.94
2026-02,Porvenir,FONDO DE PENSIONES OBLIGATORIAS PORVENIR RETIRO PROGRAMADO,BGLT30071154,USD,4086435500.0
2026-02,Porvenir,FONDO DE PENSIONES OBLIGATORIAS PORVENIR CONSERVADOR,BGLT03190928,EUR,44908895497.0
2026-02,Porvenir,FONDO DE PENSIONES OBLIGATORIAS PORVENIR RETIRO PROGRAMADO,BGLT32180141,USD,3379312675.0
2026-02,Porvenir,FONDO DE PENSIONES OBLIGATORIAS PORVENIR CONSERVADOR,BGLT30150549,USD,5683045396.0
2026-02,Porvenir,FONDO DE PENSIONES OBLIGATORIAS PORVENIR RETIRO PROGRAMADO,BGLT32180141,USD,3379312675.0
2026-02,Porvenir,FONDO DE PENSIONES OBLIGATORIAS PORVENIR CONSERVADOR,BGLT30071154,USD,4086435500.0
2026-02,Porvenir,FONDO DE PENSIONES OBLIGATORIAS PORVENIR CONSERVADOR,BGLT30260244,USD,6119936196.0
2026-02,Porvenir,FONDO DE PENSIONES OBLIGATORIAS PORVENIR CONSERVADOR,BGLT30150549,USD,2841522698.0
2026-02,Porvenir,FONDO DE PENSIONES OBLIGATORIAS PORVENIR CONSERVADOR,BGLT32180141,USD,6758625350.0
2026-02,Porvenir,FONDO DE PENSIONES OBLIGATORIAS PORVENIR CONSERVADOR,BGLT30071154,USD,4086435500.0
2026-02,Porvenir,FONDO DE PENSIONES OBLIGATORIAS PORVENIR CONSERVADOR,BGLT32180141,USD,3379312675.0
2026-02,Porvenir,FONDO DE PENSIONES OBLIGATORIAS PORVENIR CONSERVADOR,BGLT07210133,USD,3766714293.0
2026-02,Porvenir,FONDO DE CESANTIAS,BGLT30150549,USD,2841522698.0
2026-02,Porvenir,FONDO DE PENSIONES OBLIGATORIAS PORVENIR CONSERVADOR,BGLT31180937,USD,31673980392.0
2026-02,Porvenir,FONDO DE PENSIONES OBLIGATORIAS PORVENIR CONSERVADOR,BGLT11200433,USD,12456811272.0
2026-02,Porvenir,FONDO DE PENSIONES OBLIGATORIAS PORVENIR CONSERVADOR,BGLT12071136,USD,4015779712.0
2026-02,Porvenir,FONDO DE PENSIONES OBLIGATORIAS PORVENIR CONSERVADOR,BGLT12071136,USD,28110457984.0
2026-02,Porvenir,FONDO DE PENSIONES OBLIGATORIAS PORVENIR CONSERVADOR,BGLT30150645,USD,5643423920.0
2026-02,Porvenir,FONDO DE PENSIONES OBLIGATORIAS PORVENIR CONSERVADOR,BGLT30150645,USD,14108559800.0
2026-02,Porvenir,FONDO DE PENSIONES OBLIGATORIAS PORVENIR CONSERVADOR,BGLT30150549,USD,5683045396.0
2026-02,Porvenir,FONDO DE PENSIONES OBLIGATORIAS PORVENIR CONSERVADOR,BGLT30260244,USD,9179904294.0
2026-02,Porvenir,FONDO DE PENSIONES OBLIGATORIAS PORVENIR CONSERVADOR,BGLT30071154,USD,20432177500.0
2026-02,Porvenir,FONDO DE PENSIONES OBLIGATORIAS PORVENIR CONSERVADOR,BGLT30150549,USD,8524568094.0
2026-02,Porvenir,FONDO DE PENSIONES OBLIGATORIAS PORVENIR CONSERVADOR,BGLT30071154,USD,4086435500.0
2026-02,Porvenir,FONDO DE PENSIONES OBLIGATORIAS PORVENIR RETIRO PROGRAMADO,BGLT30150549,USD,5683045396.0
2026-02,Porvenir,FONDO DE CESANTIAS,BGLT30071154,USD,12259306500.0
2026-02,Porvenir,FONDO DE CESANTIAS,BGLT12071136,USD,20078898560.0
2026-02,Porvenir,FONDO DE PENSIONES OBLIGATORIAS PORVENIR CONSERVADOR,BGLT30260244,USD,9179904294.0
2026-02,Porvenir,FONDO DE PENSIONES OBLIGATORIAS PORVENIR CONSERVADOR,BGLT30071154,USD,8172871000.0
2026-02,Porvenir,FONDO DE PENSIONES OBLIGATORIAS PORVENIR CONSERVADOR,BGLT30071154,USD,4086435500.0
2026-02,Porvenir,FONDO DE PENSIONES OBLIGATORIAS PORVENIR CONSERVADOR,BGLT31180937,USD,23755485294.0
2026-02,Porvenir,FONDO DE PENSIONES OBLIGATORIAS PORVENIR CONSERVADOR,BGLT30150549,USD,8524568094.0
2026-02,Porvenir,FONDO DE PENSIONES OBLIGATORIAS PORVENIR CONSERVADOR,BGLT32180141,USD,16896563375.0
2026-02,Porvenir,FONDO DE PENSIONES OBLIGATORIAS PORVENIR CONSERVADOR,BGLT10250435,USD,12757587990.0
2026-02,Colfondos,FONDO DE PENSIONES COLFONDOS ESEPCIAL DE RETIRO PROGRAMADO,BGLT30150645,USD,14108559800.0
2026-02,Porvenir,FONDO DE CESANTIAS,BGLT32180141,USD,6758625350.0
2026-02,Porvenir,FONDO DE CESANTIAS,BGLT12141135,USD,4116678889.0
2026-02,Porvenir,FONDO DE CESANTIAS,BGLT31180937,USD,7918495098.0
2026-02,Porvenir,FONDO DE CESANTIAS,BGLT30071154,USD,12259306500.0
2026-02,Porvenir,FONDO DE PENSIONES OBLIGATORIAS PORVENIR RETIRO PROGRAMADO,BGLT07210133,USD,3766714293.0
2026-02,Porvenir,FONDO DE PENSIONES OBLIGATORIAS PORVENIR RETIRO PROGRAMADO,BGLT31180937,USD,23359560539.1
2026-02,Porvenir,FONDO DE PENSIONES OBLIGATORIAS PORVENIR RETIRO PROGRAMADO,BGLT30071154,USD,4086435500.0
2026-02,Porvenir,FONDO DE PENSIONES OBLIGATORIAS PORVENIR CONSERVADOR,BGLT30150645,USD,5643423920.0
2026-02,Porvenir,FONDO DE PENSIONES OBLIGATORIAS PORVENIR CONSERVADOR,BGLT32180141,USD,3379312675.0
2026-02,Porvenir,FONDO DE PENSIONES OBLIGATORIAS PORVENIR CONSERVADOR,BGLT12071136,USD,4015779712.0
2026-02,Porvenir,FONDO DE PENSIONES OBLIGATORIAS PORVENIR CONSERVADOR,BGLT30071154,USD,8172871000.0
2026-02,Porvenir,FONDO DE PENSIONES OBLIGATORIAS PORVENIR CONSERVADOR,BGLT12071136,USD,4015779712.0
2026-02,Porvenir,FONDO DE CESANTIAS,BGLT12071136,USD,4015779712.0
2026-02,Porvenir,FONDO DE CESANTIAS,BGLT31180937,USD,11877742647.0
2026-02,Porvenir,FONDO DE CESANTIAS,BGLT30150645,USD,5361252724.0
2026-02,Porvenir,FONDO DE CESANTIAS,BGLT30150549,USD,2841522698.0
2026-02,Porvenir,FONDO DE CESANTIAS,BGLT30071154,USD,4086435500.0
2026-02,Porvenir,FONDO DE CESANTIAS,BGLT10250435,USD,4252529330.0
2026-02,Porvenir,FONDO DE CESANTIAS,BGLT12071136,USD,20078898560.0
2026-02,Porvenir,FONDO DE CESANTIAS,BGLT30071154,USD,8172871000.0
2026-02,Porvenir,FONDO DE CESANTIAS,BGLT30071154,USD,2043217750.0
2026-02,Porvenir,FONDO DE CESANTIAS,BGLT30071154,USD,8172871000.0
2026-02,Porvenir,FONDO DE CESANTIAS,BGLT32180141,USD,3379312675.0
2026-02,Porvenir,FONDO DE CESANTIAS,BGLT32180141,USD,16896563375.0
2026-02,Porvenir,FONDO DE CESANTIAS,BGLT11200433,USD,4152270424.0
2026-02,Porvenir,FONDO DE CESANTIAS,BGLT30071154,USD,2043217750.0
2026-02,Porvenir,FONDO DE CESANTIAS,BGLT10250435,USD,4252529330.0
2026-02,Colfondos,FONDO DE CESANTIAS LEY 50,BGLT30150645,USD,1693027176.0
2026-02,Porvenir,FONDO DE PENSIONES OBLIGATORIAS PORVENIR CONSERVADOR,BGLT12071136,USD,4015779712.0
2026-02,Porvenir,FONDO DE PENSIONES OBLIGATORIAS PORVENIR CONSERVADOR,BGLT12071136,USD,40157797120.0
2026-02,Porvenir,FONDO DE PENSIONES OBLIGATORIAS PORVENIR CONSERVADOR,BGLT30150645,USD,19751983720.0
2026-02,Porvenir,FONDO DE PENSIONES OBLIGATORIAS PORVENIR CONSERVADOR,BGLT32180141,USD,3379312675.0
2026-02,Porvenir,FONDO DE PENSIONES OBLIGATORIAS PORVENIR CONSERVADOR,BGLT30071154,USD,12259306500.0
2026-02,Porvenir,FONDO DE PENSIONES OBLIGATORIAS PORVENIR CONSERVADOR,BGLT30071154,USD,4086435500.0
2026-02,Porvenir,FONDO DE PENSIONES OBLIGATORIAS PORVENIR CONSERVADOR,BGLT30150645,USD,7054279900.0
2026-02,Porvenir,FONDO DE PENSIONES OBLIGATORIAS PORVENIR RETIRO PROGRAMADO,BGLT30150549,USD,5683045396.0
2026-02,Porvenir,FONDO DE PENSIONES OBLIGATORIO MODERADO,BGLT11020234,USD,23628259680.0
2026-02,Porvenir,FONDO DE PENSIONES OBLIGATORIO MODERADO,BGLT12071136,USD,16063118848.0
2026-02,Porvenir,FONDO DE PENSIONES OBLIGATORIO MODERADO,BGLT30150549,USD,28415226980.0
2026-02,Porvenir,FONDO DE PENSIONES OBLIGATORIO MODERADO,BGLT30071154,USD,12259306500.0
2026-02,Porvenir,FONDO DE PENSIONES OBLIGATORIO MODERADO,BGLT32180141,USD,13517250700.0
2026-02,Porvenir,FONDO DE PENSIONES OBLIGATORIO MODERADO,BGLT30071154,USD,69469403500.0
2026-02,Porvenir,FONDO DE PENSIONES OBLIGATORIO MODERADO,BGLT03190928,EUR,4728906695.83
2026-02,Porvenir,FONDO DE PENSIONES OBLIGATORIO MODERADO,BGLT12141135,USD,16466715556.0
2026-02,Porvenir,FONDO DE PENSIONES OBLIGATORIO MODERADO,BGLT12071136,USD,16063118848.0
2026-02,Colfondos,FONDO DE PENSIONES COLFONDOS MAYOR RIESGO,BGLT30150645,USD,33296201128.0
2026-02,Porvenir,FONDO DE PENSIONES OBLIGATORIO MODERADO,BGLT32180141,USD,33793126750.0
2026-02,Porvenir,FONDO DE PENSIONES OBLIGATORIO MODERADO,BGLT30071154,USD,114420194000.0
2026-02,Porvenir,FONDO DE PENSIONES OBLIGATORIO MODERADO,BGLT30071154,USD,61296532500.0
2026-02,Porvenir,FONDO DE PENSIONES OBLIGATORIO MODERADO,BGLT30071154,USD,34734701750.0
2026-02,Porvenir,FONDO DE PENSIONES OBLIGATORIO MODERADO,BGLT30071154,USD,81728710000.0
2026-02,Porvenir,FONDO DE PENSIONES OBLIGATORIO MODERADO,BGLT30150645,USD,42325679400.0
2026-02,Porvenir,FONDO DE PENSIONES OBLIGATORIO MODERADO,BGLT32180141,USD,16896563375.0
2026-02,Porvenir,FONDO DE PENSIONES OBLIGATORIO MODERADO,BGLT30150549,USD,35519033725.0
2026-02,Porvenir,FONDO DE PENSIONES OBLIGATORIO MODERADO,BGLT11200433,USD,12456811272.0
2026-02,Porvenir,FONDO DE PENSIONES OBLIGATORIO MODERADO,BGLT32180141,USD,16896563375.0
2026-02,Porvenir,FONDO DE PENSIONES OBLIGATORIO MODERADO,BGLT32180141,USD,10137938025.0
2026-02,Porvenir,FONDO DE PENSIONES OBLIGATORIO MODERADO,BGLT12141135,USD,41166788890.0
2026-02,Porvenir,FONDO DE PENSIONES OBLIGATORIO MODERADO,BGLT05250430,USD,26400256480.0
2026-02,Porvenir,FONDO DE PENSIONES OBLIGATORIO MODERADO,BGLT11020234,USD,9845108200.0
2026-02,Porvenir,FONDO DE PENSIONES OBLIGATORIAS PORVENIR MAYOR RIESGO,BGLT30260244,USD,6984377183.69
2026-02,Porvenir,FONDO DE PENSIONES OBLIGATORIO MODERADO,BGLT30071154,USD,34734701750.0
2026-02,Porvenir,FONDO DE PENSIONES OBLIGATORIO MODERADO,BGLT30071154,USD,73555839000.0
2026-02,Porvenir,FONDO DE PENSIONES OBLIGATORIO MODERADO,BGLT30260244,USD,611993.62
2026-02,Porvenir,FONDO DE PENSIONES OBLIGATORIO MODERADO,BGLT30150549,USD,25573704282.0
2026-02,Porvenir,FONDO DE PENSIONES OBLIGATORIO MODERADO,BGLT30150549,USD,14207613490.0
2026-02,Porvenir,FONDO DE PENSIONES OBLIGATORIO MODERADO,BGLT12071136,USD,40157797120.0
2026-02,Porvenir,FONDO DE PENSIONES OBLIGATORIO MODERADO,BGLT31180937,USD,59388713235.0
2026-02,Porvenir,FONDO DE PENSIONES OBLIGATORIO MODERADO,BGLT32180141,USD,20275876050.0
2026-02,Porvenir,FONDO DE PENSIONES OBLIGATORIO MODERADO,BGLT30071154,USD,89901581000.0
2026-02,Porvenir,FONDO DE PENSIONES OBLIGATORIO MODERADO,BGLT05250430,USD,30461834400.0
2026-02,Porvenir,FONDO DE PENSIONES OBLIGATORIO MODERADO,BGLT30071154,USD,16345742000.0
2026-02,Porvenir,FONDO DE PENSIONES OBLIGATORIO MODERADO,BGLT12071136,USD,28110457984.0
2026-02,Porvenir,FONDO DE PENSIONES OBLIGATORIO MODERADO,BGLT12071136,USD,42165686976.0
2026-02,Porvenir,FONDO DE PENSIONES OBLIGATORIO MODERADO,BGLT30150549,USD,22732181584.0
2026-02,Porvenir,FONDO DE PENSIONES OBLIGATORIO MODERADO,BGLT32180141,USD,33793126750.0
2026-02,Porvenir,FONDO DE PENSIONES OBLIGATORIO MODERADO,BGLT12071136,USD,32126237696.0
2026-02,Porvenir,FONDO DE PENSIONES OBLIGATORIO MODERADO,BGLT11200433,USD,33218163392.0
2026-02,Porvenir,FONDO DE PENSIONES OBLIGATORIO MODERADO,BGLT12071136,USD,16063118848.0
2026-02,Porvenir,FONDO DE PENSIONES OBLIGATORIO MODERADO,BGLT30071154,USD,20432177500.0
2026-02,Porvenir,FONDO DE PENSIONES OBLIGATORIO MODERADO,BGLT07210133,USD,15066857172.0
2026-02,Porvenir,FONDO DE PENSIONES OBLIGATORIO MODERADO,BGLT30150549,USD,14207613490.0
2026-02,Porvenir,FONDO DE PENSIONES OBLIGATORIO MODERADO,BGLT30150645,USD,14108559800.0
2026-02,Porvenir,FONDO DE PENSIONES OBLIGATORIO MODERADO,BGLT30071154,USD,20432177500.0
2026-02,Porvenir,FONDO DE PENSIONES OBLIGATORIAS PORVENIR MAYOR RIESGO,BGLT32180141,USD,10137938025.0
2026-02,Porvenir,FONDO DE PENSIONES OBLIGATORIAS PORVENIR MAYOR RIESGO,BGLT30071154,USD,28605048500.0
2026-02,Porvenir,FONDO DE PENSIONES OBLIGATORIAS PORVENIR MAYOR RIESGO,BGLT11020234,USD,66946735760.0
2026-02,Porvenir,FONDO DE PENSIONES OBLIGATORIAS PORVENIR MAYOR RIESGO,BGLT31180937,USD,47510970588.0
2026-02,Porvenir,FONDO DE PENSIONES OBLIGATORIAS PORVENIR MAYOR RIESGO,BGLT30071154,USD,49037226000.0
2026-02,Porvenir,FONDO DE PENSIONES OBLIGATORIAS PORVENIR MAYOR RIESGO,BGLT32180141,USD,16896563375.0
2026-02,Porvenir,FONDO DE PENSIONES OBLIGATORIO MODERADO,BGLT32180141,USD,47310377450.0
2026-02,Porvenir,FONDO DE PENSIONES OBLIGATORIO MODERADO,BGLT10250435,USD,17010117320.0
2026-02,Porvenir,FONDO DE PENSIONES OBLIGATORIO MODERADO,BGLT30071154,USD,20432177500.0
2026-02,Porvenir,FONDO DE PENSIONES OBLIGATORIO MODERADO,BGLT30150645,USD,24525473842.73
2026-02,Porvenir,FONDO DE PENSIONES OBLIGATORIO MODERADO,BGLT11020234,USD,23628259680.0
2026-02,Porvenir,FONDO DE PENSIONES OBLIGATORIO MODERADO,BGLT11200433,USD,16609081696.0
2026-02,Porvenir,FONDO DE PENSIONES OBLIGATORIO MODERADO,BGLT30150645,USD,25395407640.0
2026-02,Porvenir,FONDO DE PENSIONES OBLIGATORIO MODERADO,BGLT12071136,USD,12047339136.0
2026-02,Porvenir,FONDO DE PENSIONES OBLIGATORIO MODERADO,BGLT30150549,USD,15761926405.81
2026-02,Porvenir,FONDO DE PENSIONES OBLIGATORIO MODERADO,BGLT30150645,USD,16930271760.0
2026-02,Porvenir,FONDO DE PENSIONES OBLIGATORIO MODERADO,BGLT32180141,USD,16896563375.0
2026-02,Porvenir,FONDO DE PENSIONES OBLIGATORIO MODERADO,BGLT31180937,USD,208652345832.3
2026-02,Porvenir,FONDO DE PENSIONES OBLIGATORIO MODERADO,BGLT32180141,USD,16896563375.0
2026-02,Porvenir,FONDO DE PENSIONES OBLIGATORIO MODERADO,BGLT30260244,USD,18359808588.0
2026-02,Porvenir,FONDO DE PENSIONES OBLIGATORIO MODERADO,BGLT30150645,USD,42325679400.0
2026-02,Porvenir,FONDO DE PENSIONES OBLIGATORIO MODERADO,BGLT10250435,USD,42525293300.0
2026-02,Porvenir,FONDO DE PENSIONES OBLIGATORIO MODERADO,BGLT12071136,USD,32126237696.0
2026-02,Porvenir,FONDO DE PENSIONES OBLIGATORIO MODERADO,BGLT30071154,USD,53123661500.0
2026-02,Porvenir,FONDO DE PENSIONES OBLIGATORIO MODERADO,BGLT30071154,USD,26561830750.0
2026-02,Porvenir,FONDO DE PENSIONES OBLIGATORIAS PORVENIR MAYOR RIESGO,BGLT30260244,USD,5771099832.83
2026-02,Porvenir,FONDO DE PENSIONES OBLIGATORIAS PORVENIR MAYOR RIESGO,BGLT32180141,USD,13517250700.0
2026-02,Porvenir,FONDO DE PENSIONES OBLIGATORIAS PORVENIR MAYOR RIESGO,BGLT30150227,USD,1930266413.0
2026-02,Porvenir,FONDO DE PENSIONES OBLIGATORIAS PORVENIR MAYOR RIESGO,BGLT30150549,USD,8524568094.0
2026-02,Porvenir,FONDO DE PENSIONES OBLIGATORIAS PORVENIR MAYOR RIESGO,BGLT12071136,USD,28110457984.0
2026-02,Porvenir,FONDO DE PENSIONES OBLIGATORIAS PORVENIR MAYOR RIESGO,BGLT11200433,USD,33218163392.0
2026-02,Porvenir,FONDO DE PENSIONES OBLIGATORIAS PORVENIR MAYOR RIESGO,BGLT11200433,USD,8304540848.0
2026-02,Porvenir,FONDO DE PENSIONES OBLIGATORIAS PORVENIR MAYOR RIESGO,BGLT30260244,USD,4400234124.92
2026-02,Porvenir,FONDO DE PENSIONES OBLIGATORIAS PORVENIR MAYOR RIESGO,BGLT07210133,USD,7533428586.0
2026-02,Porvenir,FONDO DE PENSIONES OBLIGATORIAS PORVENIR MAYOR RIESGO,BGLT12071136,USD,16063118848.0
2026-02,Porvenir,FONDO DE PENSIONES OBLIGATORIAS PORVENIR MAYOR RIESGO,BGLT30071154,USD,20432177500.0
2026-02,Porvenir,FONDO DE PENSIONES OBLIGATORIO MODERADO,BGLT30071154,USD,20432177500.0
2026-02,Porvenir,FONDO DE PENSIONES OBLIGATORIAS PORVENIR MAYOR RIESGO,BGLT30071154,USD,12259306500.0
2026-02,Porvenir,FONDO DE PENSIONES OBLIGATORIAS PORVENIR MAYOR RIESGO,BGLT30071154,USD,20432177500.0
2026-02,Porvenir,FONDO DE PENSIONES OBLIGATORIAS PORVENIR MAYOR RIESGO,BGLT30071154,USD,20432177500.0
2026-02,Porvenir,FONDO DE PENSIONES OBLIGATORIAS PORVENIR MAYOR RIESGO,BGLT30071154,USD,61296532500.0
2026-02,Porvenir,FONDO DE PENSIONES OBLIGATORIAS PORVENIR MAYOR RIESGO,BGLT30071154,USD,14302524250.0
2026-02,Porvenir,FONDO DE PENSIONES OBLIGATORIAS PORVENIR MAYOR RIESGO,BGLT30071154,USD,8172871000.0
2026-02,Porvenir,FONDO DE PENSIONES OBLIGATORIAS PORVENIR MAYOR RIESGO,BGLT10250435,USD,12757587990.0
2026-02,Porvenir,FONDO DE PENSIONES OBLIGATORIAS PORVENIR MAYOR RIESGO,BGLT11020234,USD,3938043280.0
2026-02,Porvenir,FONDO DE PENSIONES OBLIGATORIAS PORVENIR MAYOR RIESGO,BGLT30260244,USD,14031789710.19
2026-02,Porvenir,FONDO DE PENSIONES OBLIGATORIAS PORVENIR MAYOR RIESGO,BGLT30260244,USD,12469675996.16
2026-02,Porvenir,FONDO DE PENSIONES OBLIGATORIAS PORVENIR MAYOR RIESGO,BGLT31180937,USD,97001564950.5
2026-02,Porvenir,FONDO DE PENSIONES OBLIGATORIAS PORVENIR MAYOR RIESGO,BGLT30071154,USD,12259306500.0
2026-02,Porvenir,FONDO DE PENSIONES OBLIGATORIAS PORVENIR MAYOR RIESGO,BGLT32180141,USD,16896563375.0
2026-02,Porvenir,FONDO DE PENSIONES OBLIGATORIAS PORVENIR MAYOR RIESGO,BGLT12071136,USD,8031559424.0
2026-02,Porvenir,FONDO DE PENSIONES OBLIGATORIAS PORVENIR MAYOR RIESGO,BGLT32180141,USD,27034501400.0
2026-02,Porvenir,FONDO DE PENSIONES OBLIGATORIAS PORVENIR MAYOR RIESGO,BGLT30260244,USD,11962027288.7
2026-02,Porvenir,FONDO DE PENSIONES OBLIGATORIAS PORVENIR MAYOR RIESGO,BGLT30260244,USD,4960820280.48
2026-02,Porvenir,FONDO DE PENSIONES OBLIGATORIAS PORVENIR MAYOR RIESGO,BGLT30071154,USD,12259306500.0
2026-02,Porvenir,FONDO DE PENSIONES OBLIGATORIAS PORVENIR MAYOR RIESGO,BGLT10250435,USD,38272763970.0
2026-02,Porvenir,FONDO DE PENSIONES OBLIGATORIAS PORVENIR MAYOR RIESGO,BGLT32180141,USD,33793126750.0
2026-02,Porvenir,FONDO DE PENSIONES OBLIGATORIAS PORVENIR MAYOR RIESGO,BGLT30260244,USD,2490814031.77
2026-02,Porvenir,FONDO DE PENSIONES OBLIGATORIAS PORVENIR MAYOR RIESGO,BGLT32180141,USD,20275876050.0
2026-02,Porvenir,FONDO DE PENSIONES OBLIGATORIAS PORVENIR MAYOR RIESGO,BGLT32180141,USD,13517250700.0
2026-02,Porvenir,FONDO DE PENSIONES OBLIGATORIAS PORVENIR MAYOR RIESGO,BGLT30260244,USD,3515903344.6
2026-02,Porvenir,FONDO DE PENSIONES OBLIGATORIAS PORVENIR MAYOR RIESGO,BGLT32180141,USD,10137938025.0
2026-02,Porvenir,FONDO DE PENSIONES OBLIGATORIAS PORVENIR MAYOR RIESGO,BGLT30071154,USD,20432177500.0
2026-02,Porvenir,FONDO DE PENSIONES OBLIGATORIAS PORVENIR MAYOR RIESGO,BGLT12141135,USD,16046814309.32
2026-02,Porvenir,FONDO DE PENSIONES OBLIGATORIAS PORVENIR MAYOR RIESGO,BGLT30071154,USD,8172871000.0
2026-02,Porvenir,FONDO DE PENSIONES OBLIGATORIAS PORVENIR MAYOR RIESGO,BGLT11200433,USD,12456811272.0
2026-02,Porvenir,FONDO DE PENSIONES OBLIGATORIAS PORVENIR MAYOR RIESGO,BGLT12141135,USD,12350036667.0
2026-02,Porvenir,FONDO DE PENSIONES OBLIGATORIAS PORVENIR MAYOR RIESGO,BGLT07210133,USD,37667142930.0
2026-02,Porvenir,FONDO DE PENSIONES OBLIGATORIAS PORVENIR MAYOR RIESGO,BGLT30260244,USD,17049836245.25
2026-02,Colfondos,FONDO DE PENSIONES COLFONDOS CONSERVADOR,BGLT30150645,USD,5643423920.0
2026-02,Porvenir,FONDO DE PENSIONES OBLIGATORIAS PORVENIR MAYOR RIESGO,BGLT30260244,USD,8158792939.7
2026-02,Porvenir,FONDO DE PENSIONES OBLIGATORIAS PORVENIR MAYOR RIESGO,BGLT07210133,USD,37667142930.0
2026-02,Porvenir,FONDO DE PENSIONES OBLIGATORIAS PORVENIR MAYOR RIESGO,BGLT30260244,USD,27539712882.0
2026-02,Porvenir,FONDO DE PENSIONES OBLIGATORIAS PORVENIR MAYOR RIESGO,BGLT12071136,USD,20078898560.0
2026-02,Porvenir,FONDO DE PENSIONES OBLIGATORIAS PORVENIR MAYOR RIESGO,BGLT30260244,USD,4014372147.77
2026-02,Porvenir,FONDO DE PENSIONES OBLIGATORIAS PORVENIR MAYOR RIESGO,BGLT12071136,USD,12047339136.0
2026-02,Porvenir,FONDO DE PENSIONES OBLIGATORIAS PORVENIR MAYOR RIESGO,BGLT30150645,USD,5686313941.79
2026-02,Porvenir,FONDO DE PENSIONES OBLIGATORIAS PORVENIR MAYOR RIESGO,BGLT30071154,USD,42907572750.0
2026-02,Porvenir,FONDO DE PENSIONES OBLIGATORIAS PORVENIR MAYOR RIESGO,BGLT30260244,USD,5464185032.6
2026-02,Porvenir,FONDO DE PENSIONES OBLIGATORIAS PORVENIR MAYOR RIESGO,BGLT30150645,USD,12678234007.48
2026-02,Colfondos,FONDO DE PENSIONES COLFONDOS CONSERVADOR,BGLT30150645,USD,5079081528.0
2026-02,Porvenir,FONDO DE PENSIONES OBLIGATORIAS PORVENIR MAYOR RIESGO,BGLT32180141,USD,6758625350.0
2026-02,Porvenir,FONDO DE PENSIONES OBLIGATORIAS PORVENIR MAYOR RIESGO,BGLT11020234,USD,15752173120.0
2026-02,Porvenir,FONDO DE PENSIONES OBLIGATORIAS PORVENIR MAYOR RIESGO,BGLT30071154,USD,24518613000.0
2026-02,Colfondos,FONDO DE PENSIONES COLFONDOS CONSERVADOR,BGLT30150645,USD,3103883156.0
2026-02,Porvenir,FONDO DE PENSIONES OBLIGATORIAS PORVENIR MAYOR RIESGO,BGLT30260244,USD,2510397827.6
2026-02,Porvenir,FONDO DE PENSIONES OBLIGATORIAS PORVENIR MAYOR RIESGO,BGLT30150645,USD,14108559800.0
2026-02,Porvenir,FONDO DE PENSIONES OBLIGATORIAS PORVENIR MAYOR RIESGO,BGLT30150549,USD,14207613490.0
2026-02,Porvenir,FONDO DE PENSIONES OBLIGATORIAS PORVENIR MAYOR RIESGO,BGLT32180141,USD,50689690125.0
2026-02,Porvenir,FONDO DE PENSIONES OBLIGATORIAS PORVENIR MAYOR RIESGO,BGLT30150549,USD,7271456584.18
2026-02,Porvenir,FONDO DE PENSIONES OBLIGATORIAS PORVENIR MAYOR RIESGO,BGLT30150549,USD,19890658886.0
2026-02,Porvenir,FONDO DE PENSIONES OBLIGATORIAS PORVENIR RETIRO PROGRAMADO,BGLT32180141,USD,60827628150.0
2026-02,Porvenir,FONDO DE PENSIONES OBLIGATORIAS PORVENIR RETIRO PROGRAMADO,BGLT30071154,USD,4086435500.0
2026-02,Colfondos,FONDO DE PENSIONES MODERADO,BGLT30150645,USD,15519415780.0
2026-02,Porvenir,FONDO DE PENSIONES OBLIGATORIAS PORVENIR RETIRO PROGRAMADO,BGLT11020234,USD,15752173120.0
2026-02,Porvenir,FONDO DE PENSIONES OBLIGATORIAS PORVENIR RETIRO PROGRAMADO,BGLT30071154,USD,16345742000.0
2026-02,Porvenir,FONDO DE PENSIONES OBLIGATORIAS PORVENIR RETIRO PROGRAMADO,BGLT32180141,USD,3379312675.0
2026-02,Porvenir,FONDO DE PENSIONES OBLIGATORIAS PORVENIR RETIRO PROGRAMADO,BGLT05250430,USD,8123155840.0
2026-02,Porvenir,FONDO DE PENSIONES OBLIGATORIAS PORVENIR RETIRO PROGRAMADO,BGLT30071154,USD,4086435500.0
2026-02,Porvenir,FONDO DE PENSIONES OBLIGATORIAS PORVENIR RETIRO PROGRAMADO,BGLT10250435,USD,4252529330.0
2026-02,Porvenir,FONDO DE PENSIONES OBLIGATORIAS PORVENIR RETIRO PROGRAMADO,BGLT12071136,USD,4015779712.0
2026-02,Porvenir,FONDO DE PENSIONES OBLIGATORIAS PORVENIR RETIRO PROGRAMADO,BGLT05250430,USD,6092366880.0
2026-02,Colfondos,FONDO DE PENSIONES MODERADO,BGLT30150645,USD,3527139950.0
2026-02,Porvenir,FONDO DE PENSIONES OBLIGATORIAS PORVENIR RETIRO PROGRAMADO,BGLT31180937,USD,19796237745.0
2026-02,Porvenir,FONDO DE PENSIONES OBLIGATORIAS PORVENIR RETIRO PROGRAMADO,BGLT12141135,USD,4116678889.0
2026-02,Porvenir,FONDO DE PENSIONES OBLIGATORIAS PORVENIR RETIRO PROGRAMADO,BGLT30071154,USD,4086435500.0
2026-02,Porvenir,FONDO DE PENSIONES OBLIGATORIAS PORVENIR RETIRO PROGRAMADO,BGLT12071136,USD,20078898560.0
2026-02,Porvenir,FONDO DE PENSIONES OBLIGATORIAS PORVENIR RETIRO PROGRAMADO,BGLT30071154,USD,10216088750.0
2026-02,Porvenir,FONDO DE PENSIONES OBLIGATORIAS PORVENIR RETIRO PROGRAMADO,BGLT30260244,USD,6119936196.0
2026-02,Porvenir,FONDO DE PENSIONES OBLIGATORIAS PORVENIR RETIRO PROGRAMADO,BGLT11200433,USD,4152270424.0
2026-02,Porvenir,FONDO DE PENSIONES OBLIGATORIAS PORVENIR RETIRO PROGRAMADO,BGLT03190928,EUR,58381564146.11
2026-02,Porvenir,FONDO DE PENSIONES OBLIGATORIAS PORVENIR RETIRO PROGRAMADO,BGLT11200433,USD,4152270424.0
2026-02,Porvenir,FONDO DE PENSIONES OBLIGATORIAS PORVENIR RETIRO PROGRAMADO,BGLT12071136,USD,20078898560.0
2026-02,Porvenir,FONDO DE PENSIONES OBLIGATORIAS PORVENIR RETIRO PROGRAMADO,BGLT32180141,USD,6758625350.0
2026-02,Colfondos,FONDO DE PENSIONES MODERADO,BGLT30150645,USD,14108559800.0
2026-02,Porvenir,FONDO DE PENSIONES OBLIGATORIAS PORVENIR RETIRO PROGRAMADO,BGLT12071136,USD,4015779712.0
2026-02,Colfondos,FONDO DE PENSIONES MODERADO,BGLT30150645,USD,31038831560.0
2026-02,Porvenir,FONDO DE PENSIONES OBLIGATORIAS PORVENIR RETIRO PROGRAMADO,BGLT30071154,USD,4086435500.0
2026-02,Colfondos,FONDO DE PENSIONES MODERADO,BGLT30150645,USD,26806263620.0
2026-02,Porvenir,FONDO DE PENSIONES OBLIGATORIAS PORVENIR RETIRO PROGRAMADO,BGLT30071154,USD,8172871000.0
2026-02,Porvenir,FONDO DE PENSIONES OBLIGATORIAS PORVENIR RETIRO PROGRAMADO,BGLT10250435,USD,8505058660.0
2026-02,Porvenir,FONDO DE PENSIONES OBLIGATORIAS PORVENIR RETIRO PROGRAMADO,BGLT12071136,USD,4015779712.0
2026-02,Porvenir,FONDO DE PENSIONES OBLIGATORIAS PORVENIR RETIRO PROGRAMADO,BGLT30071154,USD,4086435500.0
2026-02,Porvenir,FONDO DE PENSIONES OBLIGATORIAS PORVENIR RETIRO PROGRAMADO,BGLT32180141,USD,16896563375.0
2026-02,Porvenir,FONDO DE PENSIONES OBLIGATORIAS PORVENIR RETIRO PROGRAMADO,BGLT12071136,USD,2007889856.0
2026-03,Colfondos,FONDO DE PENSIONES COLFONDOS CONSERVADOR,BGLT30150645,USD,5368854286.0
2026-03,Colfondos,FONDO DE PENSIONES COLFONDOS CONSERVADOR,BGLT30150645,USD,2952869857.3
2026-03,Porvenir,FONDO DE PENSIONES OBLIGATORIAS PORVENIR RETIRO PROGRAMADO,BGLT12071136,USD,1930775952.0
2026-03,Porvenir,FONDO DE PENSIONES OBLIGATORIAS PORVENIR RETIRO PROGRAMADO,BGLT12071136,USD,19307759520.0
2026-03,Porvenir,FONDO DE PENSIONES OBLIGATORIAS PORVENIR RETIRO PROGRAMADO,BGLT30071154,USD,3905399902.0
2026-03,Porvenir,FONDO DE PENSIONES OBLIGATORIAS PORVENIR CONSERVADOR,BGLT12071136,USD,3861551904.0
2026-03,Porvenir,FONDO DE CESANTIAS,BGLT11020234,USD,3789813944.0
2026-03,Porvenir,FONDO DE CESANTIAS,BGLT10250435,USD,8190937790.0
2026-03,Porvenir,FONDO DE PENSIONES OBLIGATORIAS PORVENIR CONSERVADOR,BGLT30150549,USD,8106316278.0
2026-03,Porvenir,FONDO DE PENSIONES OBLIGATORIAS PORVENIR CONSERVADOR,BGLT07210133,USD,3627671514.0
2026-03,Porvenir,FONDO DE CESANTIAS,BGLT32180141,USD,16169955790.0
2026-03,Porvenir,FONDO DE PENSIONES OBLIGATORIAS PORVENIR CONSERVADOR,BGLT12141135,USD,3948845289.0
2026-03,Porvenir,FONDO DE PENSIONES OBLIGATORIAS PORVENIR CONSERVADOR,BGLT32180141,USD,9701973474.0
2026-03,Porvenir,FONDO DE PENSIONES OBLIGATORIAS PORVENIR CONSERVADOR,BGLT30150549,USD,16293695718.78
2026-03,Porvenir,FONDO DE PENSIONES OBLIGATORIAS PORVENIR CONSERVADOR,BGLT30150645,USD,5368854286.0
2026-03,Porvenir,FONDO DE PENSIONES OBLIGATORIAS PORVENIR CONSERVADOR,BGLT30260244,USD,8741965845.0
2026-03,Porvenir,FONDO DE PENSIONES OBLIGATORIAS PORVENIR CONSERVADOR,BGLT32180141,USD,3233991158.0
2026-03,Porvenir,FONDO DE PENSIONES OBLIGATORIAS PORVENIR CONSERVADOR,BGLT07210133,USD,7255343028.0
2026-03,Porvenir,FONDO DE PENSIONES OBLIGATORIAS PORVENIR CONSERVADOR,BGLT32180141,USD,3233991158.0
2026-03,Porvenir,FONDO DE PENSIONES OBLIGATORIAS PORVENIR CONSERVADOR,BGLT32180141,USD,3233991158.0
2026-03,Porvenir,FONDO DE PENSIONES OBLIGATORIAS PORVENIR RETIRO PROGRAMADO,BGLT05250430,USD,7837445332.0
2026-03,Porvenir,FONDO DE PENSIONES OBLIGATORIAS PORVENIR RETIRO PROGRAMADO,BGLT30260244,USD,5827977230.0
2026-03,Porvenir,FONDO DE PENSIONES OBLIGATORIAS PORVENIR RETIRO PROGRAMADO,BGLT05250430,USD,3918722666.0
2026-03,Porvenir,FONDO DE CESANTIAS,BGLT30071154,USD,1952699951.0
2026-03,Porvenir,FONDO DE CESANTIAS,BGLT10250435,USD,4095468895.0
2026-03,Porvenir,FONDO DE PENSIONES OBLIGATORIAS PORVENIR CONSERVADOR,BGLT11020234,USD,3789813944.0
2026-03,Porvenir,FONDO DE PENSIONES OBLIGATORIAS PORVENIR CONSERVADOR,BGLT30260244,USD,14569943075.0
2026-03,Porvenir,FONDO DE PENSIONES OBLIGATORIAS PORVENIR CONSERVADOR,BGLT05250430,USD,3918722666.0
2026-03,Porvenir,FONDO DE PENSIONES OBLIGATORIAS PORVENIR RETIRO PROGRAMADO,BGLT11200433,USD,3992876292.0
2026-03,Porvenir,FONDO DE PENSIONES OBLIGATORIAS PORVENIR RETIRO PROGRAMADO,BGLT31180937,USD,18295924875.0
2026-03,Porvenir,FONDO DE CESANTIAS,BGLT30150645,USD,1073770857.2
2026-03,Porvenir,FONDO DE CESANTIAS,BGLT31180937,USD,10977554925.0
2026-03,Porvenir,FONDO DE CESANTIAS,BGLT12141135,USD,3948845289.0
2026-03,Colfondos,FONDO DE PENSIONES MODERADO,BGLT30150645,USD,25502057858.5
2026-03,Porvenir,FONDO DE PENSIONES OBLIGATORIAS PORVENIR CONSERVADOR,BGLT03190928,EUR,42121284408.52
2026-03,Porvenir,FONDO DE PENSIONES OBLIGATORIAS PORVENIR CONSERVADOR,BGLT30150549,USD,2702105426.0
2026-03,Porvenir,FONDO DE PENSIONES OBLIGATORIAS PORVENIR CONSERVADOR,BGLT30150549,USD,8106316278.0
2026-03,Porvenir,FONDO DE CESANTIAS,BGLT07210133,USD,3627671514.0
2026-03,Porvenir,FONDO DE PENSIONES OBLIGATORIAS PORVENIR CONSERVADOR,BGLT11200433,USD,11978628876.0
2026-03,Porvenir,FONDO DE CESANTIAS,BGLT07210133,USD,3627671514.0
2026-03,Porvenir,FONDO DE PENSIONES OBLIGATORIAS PORVENIR CONSERVADOR,BGLT30150645,USD,18790990001.0
2026-03,Porvenir,FONDO DE PENSIONES OBLIGATORIAS PORVENIR CONSERVADOR,BGLT30150645,USD,1342213571.5
2026-03,Porvenir,FONDO DE PENSIONES OBLIGATORIAS PORVENIR CONSERVADOR,BGLT10250435,USD,4095468895.0
2026-03,Porvenir,FONDO DE PENSIONES OBLIGATORIAS PORVENIR CONSERVADOR,BGLT11200433,USD,3992876292.0
2026-03,Porvenir,FONDO DE PENSIONES OBLIGATORIAS PORVENIR CONSERVADOR,BGLT10250435,USD,12286406685.0
2026-03,Porvenir,FONDO DE PENSIONES OBLIGATORIAS PORVENIR CONSERVADOR,BGLT30150645,USD,5368854286.0
2026-03,Porvenir,FONDO DE PENSIONES OBLIGATORIAS PORVENIR CONSERVADOR,BGLT10250435,USD,8190937790.0
2026-03,Porvenir,FONDO DE PENSIONES OBLIGATORIAS PORVENIR CONSERVADOR,BGLT31180937,USD,29273479800.0
2026-03,Porvenir,FONDO DE PENSIONES OBLIGATORIAS PORVENIR CONSERVADOR,BGLT30260244,USD,8741965845.0
2026-03,Porvenir,FONDO DE PENSIONES OBLIGATORIAS PORVENIR CONSERVADOR,BGLT11020234,USD,3789813944.0
2026-03,Porvenir,FONDO DE PENSIONES OBLIGATORIAS PORVENIR CONSERVADOR,BGLT12071136,USD,3861551904.0
2026-03,Porvenir,FONDO DE PENSIONES OBLIGATORIAS PORVENIR CONSERVADOR,BGLT31180937,USD,21955109850.0
2026-03,Porvenir,FONDO DE PENSIONES OBLIGATORIAS PORVENIR CONSERVADOR,BGLT30150549,USD,5404210852.0
2026-03,Porvenir,FONDO DE PENSIONES OBLIGATORIAS PORVENIR CONSERVADOR,BGLT30150549,USD,5404210852.0
2026-03,Porvenir,FONDO DE PENSIONES OBLIGATORIAS PORVENIR CONSERVADOR,BGLT32180141,USD,6467982316.0
2026-03,Porvenir,FONDO DE PENSIONES OBLIGATORIAS PORVENIR CONSERVADOR,BGLT07210133,USD,3627671514.0
2026-03,Porvenir,FONDO DE PENSIONES OBLIGATORIAS PORVENIR RETIRO PROGRAMADO,BGLT10250435,USD,8190937790.0
2026-03,Porvenir,FONDO DE PENSIONES OBLIGATORIAS PORVENIR RETIRO PROGRAMADO,BGLT11020234,USD,3789813944.0
2026-03,Porvenir,FONDO DE PENSIONES OBLIGATORIAS PORVENIR RETIRO PROGRAMADO,BGLT30150549,USD,5404210852.0
2026-03,Porvenir,FONDO DE PENSIONES OBLIGATORIAS PORVENIR RETIRO PROGRAMADO,BGLT30071154,USD,3905399902.0
2026-03,Porvenir,FONDO DE PENSIONES OBLIGATORIAS PORVENIR RETIRO PROGRAMADO,BGLT03190928,EUR,54757669731.08
2026-03,Porvenir,FONDO DE PENSIONES OBLIGATORIAS PORVENIR RETIRO PROGRAMADO,BGLT32180141,USD,16169955790.0
2026-03,Porvenir,FONDO DE PENSIONES OBLIGATORIAS PORVENIR RETIRO PROGRAMADO,BGLT05250430,USD,5878083999.0
2026-03,Porvenir,FONDO DE PENSIONES OBLIGATORIAS PORVENIR RETIRO PROGRAMADO,BGLT32180141,USD,3233991158.0
2026-03,Porvenir,FONDO DE PENSIONES OBLIGATORIAS PORVENIR RETIRO PROGRAMADO,BGLT07210133,USD,10883014542.0
2026-03,Porvenir,FONDO DE PENSIONES OBLIGATORIAS PORVENIR RETIRO PROGRAMADO,BGLT31180937,USD,21589191352.5
2026-03,Porvenir,FONDO DE PENSIONES OBLIGATORIAS PORVENIR RETIRO PROGRAMADO,BGLT11020234,USD,18949069720.0
2026-03,Porvenir,FONDO DE PENSIONES OBLIGATORIAS PORVENIR RETIRO PROGRAMADO,BGLT10250435,USD,4095468895.0
2026-03,Porvenir,FONDO DE PENSIONES OBLIGATORIAS PORVENIR RETIRO PROGRAMADO,BGLT30071154,USD,7810799804.0
2026-03,Porvenir,FONDO DE PENSIONES OBLIGATORIAS PORVENIR RETIRO PROGRAMADO,BGLT12071136,USD,19307759520.0
2026-03,Porvenir,FONDO DE PENSIONES OBLIGATORIAS PORVENIR RETIRO PROGRAMADO,BGLT32180141,USD,6467982316.0
2026-03,Porvenir,FONDO DE PENSIONES OBLIGATORIAS PORVENIR RETIRO PROGRAMADO,BGLT32180141,USD,3233991158.0
2026-03,Porvenir,FONDO DE PENSIONES OBLIGATORIAS PORVENIR RETIRO PROGRAMADO,BGLT32180141,USD,58211840844.0
2026-03,Colfondos,FONDO DE PENSIONES COLFONDOS CONSERVADOR,BGLT30150645,USD,4831968857.4
2026-03,Porvenir,FONDO DE CESANTIAS,BGLT32180141,USD,6467982316.0
2026-03,Porvenir,FONDO DE CESANTIAS,BGLT31180937,USD,7318369950.0
2026-03,Porvenir,FONDO DE CESANTIAS,BGLT11200433,USD,3992876292.0
2026-03,Porvenir,FONDO DE CESANTIAS,BGLT30071154,USD,5858099853.0
2026-03,Colfondos,FONDO DE PENSIONES COLFONDOS ESEPCIAL DE RETIRO PROGRAMADO,BGLT30150645,USD,13422135715.0
2026-03,Porvenir,FONDO DE CESANTIAS,BGLT05250430,USD,3918722666.0
2026-03,Porvenir,FONDO DE PENSIONES OBLIGATORIAS PORVENIR CONSERVADOR,BGLT05250430,USD,29390419995.0
2026-03,Porvenir,FONDO DE PENSIONES OBLIGATORIO MODERADO,BGLT30150549,USD,13510527130.0
2026-03,Porvenir,FONDO DE PENSIONES OBLIGATORIO MODERADO,BGLT30260244,USD,17483931690.0
2026-03,Porvenir,FONDO DE PENSIONES OBLIGATORIO MODERADO,BGLT12071136,USD,15446207616.0
2026-03,Porvenir,FONDO DE PENSIONES OBLIGATORIAS PORVENIR CONSERVADOR,BGLT10250435,USD,8190937790.0
2026-03,Porvenir,FONDO DE CESANTIAS,BGLT11020234,USD,3789813944.0
2026-03,Porvenir,FONDO DE PENSIONES OBLIGATORIO MODERADO,BGLT12071136,USD,15446207616.0
2026-03,Colfondos,FONDO DE CESANTIAS LEY 50,BGLT30150645,USD,1610656285.8
2026-03,Porvenir,FONDO DE PENSIONES OBLIGATORIAS PORVENIR CONSERVADOR,BGLT11020234,USD,7579627888.0
2026-03,Porvenir,FONDO DE PENSIONES OBLIGATORIAS PORVENIR CONSERVADOR,BGLT30260244,USD,5827977230.0
2026-03,Porvenir,FONDO DE PENSIONES OBLIGATORIAS PORVENIR RETIRO PROGRAMADO,BGLT30150549,USD,5404210852.0
2026-03,Porvenir,FONDO DE PENSIONES OBLIGATORIAS PORVENIR RETIRO PROGRAMADO,BGLT11200433,USD,3992876292.0
2026-03,Porvenir,FONDO DE PENSIONES OBLIGATORIAS PORVENIR RETIRO PROGRAMADO,BGLT30071154,USD,9763499755.0
2026-03,Porvenir,FONDO DE PENSIONES OBLIGATORIAS PORVENIR RETIRO PROGRAMADO,BGLT30071154,USD,15621599608.0
2026-03,Porvenir,FONDO DE PENSIONES OBLIGATORIAS PORVENIR RETIRO PROGRAMADO,BGLT30260244,USD,14569943075.0
2026-03,Porvenir,FONDO DE PENSIONES OBLIGATORIAS PORVENIR RETIRO PROGRAMADO,BGLT30071154,USD,3905399902.0
2026-03,Porvenir,FONDO DE PENSIONES OBLIGATORIAS PORVENIR RETIRO PROGRAMADO,BGLT30071154,USD,3905399902.0
2026-03,Porvenir,FONDO DE PENSIONES OBLIGATORIAS PORVENIR RETIRO PROGRAMADO,BGLT32180141,USD,3233991158.0
2026-03,Porvenir,FONDO DE PENSIONES OBLIGATORIAS PORVENIR RETIRO PROGRAMADO,BGLT12141135,USD,3948845289.0
2026-03,Porvenir,FONDO DE PENSIONES OBLIGATORIO MODERADO,BGLT03190928,EUR,4435371248.22
2026-03,Porvenir,FONDO DE PENSIONES OBLIGATORIAS PORVENIR RETIRO PROGRAMADO,BGLT12071136,USD,3861551904.0
2026-03,Porvenir,FONDO DE PENSIONES OBLIGATORIO MODERADO,BGLT07210133,USD,14510686056.0
2026-03,Porvenir,FONDO DE PENSIONES OBLIGATORIO MODERADO,BGLT10250435,USD,4095468895.0
2026-03,Porvenir,FONDO DE PENSIONES OBLIGATORIO MODERADO,BGLT10250435,USD,45050157845.0
2026-03,Porvenir,FONDO DE PENSIONES OBLIGATORIO MODERADO,BGLT10250435,USD,16381875580.0
2026-03,Porvenir,FONDO DE PENSIONES OBLIGATORIAS PORVENIR RETIRO PROGRAMADO,BGLT12071136,USD,3861551904.0
2026-03,Porvenir,FONDO DE PENSIONES OBLIGATORIO MODERADO,BGLT10250435,USD,40954688950.0
2026-03,Porvenir,FONDO DE PENSIONES OBLIGATORIO MODERADO,BGLT30071154,USD,70297198236.0
2026-03,Porvenir,FONDO DE PENSIONES OBLIGATORIO MODERADO,BGLT05250430,USD,29390419995.0
2026-03,Porvenir,FONDO DE PENSIONES OBLIGATORIO MODERADO,BGLT30071154,USD,15621599608.0
2026-03,Porvenir,FONDO DE PENSIONES OBLIGATORIO MODERADO,BGLT30071154,USD,85918797844.0
2026-03,Porvenir,FONDO DE PENSIONES OBLIGATORIO MODERADO,BGLT05250430,USD,19593613330.0
2026-03,Porvenir,FONDO DE PENSIONES OBLIGATORIO MODERADO,BGLT07210133,USD,39904386654.0
2026-03,Porvenir,FONDO DE PENSIONES OBLIGATORIAS PORVENIR RETIRO PROGRAMADO,BGLT07210133,USD,3627671514.0
2026-03,Colfondos,FONDO DE PENSIONES MODERADO,BGLT30150645,USD,13422135715.0
2026-03,Colfondos,FONDO DE PENSIONES MODERADO,BGLT30150645,USD,14764349286.5
2026-03,Porvenir,FONDO DE PENSIONES OBLIGATORIO MODERADO,BGLT10250435,USD,20477344475.0
2026-03,Porvenir,FONDO DE PENSIONES OBLIGATORIO MODERADO,BGLT10250435,USD,61432033425.0
2026-03,Porvenir,FONDO DE PENSIONES OBLIGATORIO MODERADO,BGLT05250430,USD,25471697329.0
2026-03,Porvenir,FONDO DE PENSIONES OBLIGATORIO MODERADO,BGLT30071154,USD,11716199706.0
2026-03,Colfondos,FONDO DE PENSIONES MODERADO,BGLT30150645,USD,3355533928.75
2026-03,Porvenir,FONDO DE PENSIONES OBLIGATORIO MODERADO,BGLT07210133,USD,72553430280.0
2026-03,Porvenir,FONDO DE PENSIONES OBLIGATORIO MODERADO,BGLT10250435,USD,20477344475.0
2026-03,Colfondos,FONDO DE PENSIONES MODERADO,BGLT30150645,USD,29528698573.0
2026-03,Porvenir,FONDO DE PENSIONES OBLIGATORIO MODERADO,BGLT30071154,USD,13668899657.0
2026-03,Porvenir,FONDO DE PENSIONES OBLIGATORIO MODERADO,BGLT30260244,USD,582797.72
2026-03,Porvenir,FONDO DE PENSIONES OBLIGATORIO MODERADO,BGLT12071136,USD,38615519040.0
2026-03,Porvenir,FONDO DE PENSIONES OBLIGATORIO MODERADO,BGLT12071136,USD,19307759520.0
2026-03,Porvenir,FONDO DE PENSIONES OBLIGATORIO MODERADO,BGLT12071136,USD,15446207616.0
2026-03,Porvenir,FONDO DE PENSIONES OBLIGATORIO MODERADO,BGLT32180141,USD,32339911580.0
2026-03,Porvenir,FONDO DE PENSIONES OBLIGATORIO MODERADO,BGLT30150645,USD,17963381112.81
2026-03,Porvenir,FONDO DE PENSIONES OBLIGATORIO MODERADO,BGLT32180141,USD,9701973474.0
2026-03,Porvenir,FONDO DE PENSIONES OBLIGATORIO MODERADO,BGLT32180141,USD,16169955790.0
2026-03,Porvenir,FONDO DE PENSIONES OBLIGATORIO MODERADO,BGLT11020234,USD,41687953384.0
2026-03,Porvenir,FONDO DE PENSIONES OBLIGATORIO MODERADO,BGLT32180141,USD,9701973474.0
2026-03,Porvenir,FONDO DE PENSIONES OBLIGATORIO MODERADO,BGLT12071136,USD,27030863328.0
2026-03,Porvenir,FONDO DE PENSIONES OBLIGATORIO MODERADO,BGLT11200433,USD,15971505168.0
2026-03,Porvenir,FONDO DE PENSIONES OBLIGATORIO MODERADO,BGLT12071136,USD,21238535472.0
2026-03,Porvenir,FONDO DE PENSIONES OBLIGATORIO MODERADO,BGLT12071136,USD,11584655712.0
2026-03,Porvenir,FONDO DE PENSIONES OBLIGATORIO MODERADO,BGLT12071136,USD,30892415232.0
2026-03,Porvenir,FONDO DE PENSIONES OBLIGATORIO MODERADO,BGLT11020234,USD,49267581272.0
2026-03,Porvenir,FONDO DE PENSIONES OBLIGATORIO MODERADO,BGLT12071136,USD,30892415232.0
2026-03,Porvenir,FONDO DE PENSIONES OBLIGATORIO MODERADO,BGLT32180141,USD,16169955790.0
2026-03,Porvenir,FONDO DE PENSIONES OBLIGATORIO MODERADO,BGLT30150549,USD,4180157094.02
2026-03,Porvenir,FONDO DE PENSIONES OBLIGATORIO MODERADO,BGLT32180141,USD,19403946948.0
2026-03,Porvenir,FONDO DE PENSIONES OBLIGATORIO MODERADO,BGLT32180141,USD,12935964632.0
2026-03,Porvenir,FONDO DE PENSIONES OBLIGATORIO MODERADO,BGLT31180937,USD,192839048182.5
2026-03,Porvenir,FONDO DE PENSIONES OBLIGATORIO MODERADO,BGLT32180141,USD,16169955790.0
2026-03,Porvenir,FONDO DE PENSIONES OBLIGATORIO MODERADO,BGLT11020234,USD,15159255776.0
2026-03,Porvenir,FONDO DE PENSIONES OBLIGATORIO MODERADO,BGLT30150549,USD,21616843408.0
2026-03,Porvenir,FONDO DE PENSIONES OBLIGATORIO MODERADO,BGLT31180937,USD,54887774625.0
2026-03,Porvenir,FONDO DE PENSIONES OBLIGATORIO MODERADO,BGLT32180141,USD,16169955790.0
2026-03,Porvenir,FONDO DE PENSIONES OBLIGATORIO MODERADO,BGLT11020234,USD,22738883664.0
2026-03,Porvenir,FONDO DE PENSIONES OBLIGATORIO MODERADO,BGLT11200433,USD,11978628876.0
2026-03,Porvenir,FONDO DE PENSIONES OBLIGATORIO MODERADO,BGLT32180141,USD,32339911580.0
2026-03,Porvenir,FONDO DE PENSIONES OBLIGATORIO MODERADO,BGLT11020234,USD,5684720916.0
2026-03,Porvenir,FONDO DE PENSIONES OBLIGATORIAS PORVENIR CONSERVADOR,BGLT12071136,USD,30892415232.0
2026-03,Porvenir,FONDO DE PENSIONES OBLIGATORIO MODERADO,BGLT11200433,USD,31943010336.0
2026-03,Colfondos,FONDO DE PENSIONES COLFONDOS MAYOR RIESGO,BGLT30150645,USD,31676240287.4
2026-03,Porvenir,FONDO DE PENSIONES OBLIGATORIAS PORVENIR MAYOR RIESGO,BGLT12141135,USD,15392598936.52
2026-03,Porvenir,FONDO DE PENSIONES OBLIGATORIAS PORVENIR MAYOR RIESGO,BGLT11200433,USD,11978628876.0
2026-03,Porvenir,FONDO DE PENSIONES OBLIGATORIAS PORVENIR MAYOR RIESGO,BGLT07210133,USD,7255343028.0
2026-03,Porvenir,FONDO DE PENSIONES OBLIGATORIAS PORVENIR MAYOR RIESGO,BGLT32180141,USD,25871929264.0
2026-03,Porvenir,FONDO DE PENSIONES OBLIGATORIAS PORVENIR MAYOR RIESGO,BGLT30260244,USD,16236453163.92
2026-03,Porvenir,FONDO DE PENSIONES OBLIGATORIAS PORVENIR MAYOR RIESGO,BGLT30150227,USD,1880193370.0
2026-03,Porvenir,FONDO DE PENSIONES OBLIGATORIAS PORVENIR MAYOR RIESGO,BGLT10250435,USD,36859220055.0
2026-03,Porvenir,FONDO DE PENSIONES OBLIGATORIAS PORVENIR MAYOR RIESGO,BGLT30071154,USD,27337799314.0
2026-03,Porvenir,FONDO DE PENSIONES OBLIGATORIAS PORVENIR MAYOR RIESGO,BGLT31180937,USD,43910219700.0
2026-03,Porvenir,FONDO DE PENSIONES OBLIGATORIAS PORVENIR MAYOR RIESGO,BGLT30260244,USD,2390636259.75
2026-03,Porvenir,FONDO DE PENSIONES OBLIGATORIAS PORVENIR MAYOR RIESGO,BGLT07210133,USD,36276715140.0
2026-03,Porvenir,FONDO DE PENSIONES OBLIGATORIAS PORVENIR MAYOR RIESGO,BGLT32180141,USD,25871929264.0
2026-03,Porvenir,FONDO DE PENSIONES OBLIGATORIAS PORVENIR MAYOR RIESGO,BGLT32180141,USD,19403946948.0
2026-03,Porvenir,FONDO DE PENSIONES OBLIGATORIAS PORVENIR MAYOR RIESGO,BGLT30260244,USD,3822861664.02
2026-03,Porvenir,FONDO DE PENSIONES OBLIGATORIAS PORVENIR MAYOR RIESGO,BGLT12071136,USD,7723103808.0
2026-03,Porvenir,FONDO DE PENSIONES OBLIGATORIAS PORVENIR MAYOR RIESGO,BGLT10250435,USD,4095468895.0
2026-03,Porvenir,FONDO DE PENSIONES OBLIGATORIAS PORVENIR MAYOR RIESGO,BGLT11020234,USD,3789813944.0
2026-03,Porvenir,FONDO DE PENSIONES OBLIGATORIAS PORVENIR MAYOR RIESGO,BGLT11020234,USD,7579627888.0
2026-03,Porvenir,FONDO DE PENSIONES OBLIGATORIAS PORVENIR MAYOR RIESGO,BGLT30071154,USD,9763499755.0
2026-03,Porvenir,FONDO DE PENSIONES OBLIGATORIAS PORVENIR MAYOR RIESGO,BGLT30071154,USD,11716199706.0
2026-03,Porvenir,FONDO DE PENSIONES OBLIGATORIAS PORVENIR MAYOR RIESGO,BGLT30071154,USD,46864798824.0
2026-03,Porvenir,FONDO DE PENSIONES OBLIGATORIAS PORVENIR MAYOR RIESGO,BGLT32180141,USD,12935964632.0
2026-03,Porvenir,FONDO DE PENSIONES OBLIGATORIAS PORVENIR MAYOR RIESGO,BGLT32180141,USD,6467982316.0
2026-03,Porvenir,FONDO DE PENSIONES OBLIGATORIAS PORVENIR MAYOR RIESGO,BGLT30071154,USD,13668899657.0
2026-03,Porvenir,FONDO DE PENSIONES OBLIGATORIAS PORVENIR MAYOR RIESGO,BGLT30260244,USD,11391364293.76
2026-03,Porvenir,FONDO DE PENSIONES OBLIGATORIAS PORVENIR MAYOR RIESGO,BGLT10250435,USD,16381875580.0
2026-03,Porvenir,FONDO DE PENSIONES OBLIGATORIAS PORVENIR MAYOR RIESGO,BGLT10250435,USD,28668282265.0
2026-03,Porvenir,FONDO DE PENSIONES OBLIGATORIAS PORVENIR MAYOR RIESGO,BGLT12071136,USD,11584655712.0
2026-03,Porvenir,FONDO DE PENSIONES OBLIGATORIAS PORVENIR MAYOR RIESGO,BGLT07210133,USD,54415072710.0
2026-03,Porvenir,FONDO DE PENSIONES OBLIGATORIAS PORVENIR MAYOR RIESGO,BGLT10250435,USD,12286406685.0
2026-03,Porvenir,FONDO DE PENSIONES OBLIGATORIAS PORVENIR MAYOR RIESGO,BGLT30260244,USD,7769567844.17
2026-03,Porvenir,FONDO DE PENSIONES OBLIGATORIAS PORVENIR MAYOR RIESGO,BGLT30260244,USD,4724158342.64
2026-03,Porvenir,FONDO DE PENSIONES OBLIGATORIAS PORVENIR MAYOR RIESGO,BGLT31180937,USD,89650031887.5
2026-03,Porvenir,FONDO DE PENSIONES OBLIGATORIAS PORVENIR MAYOR RIESGO,BGLT30260244,USD,2371986732.61
2026-03,Porvenir,FONDO DE PENSIONES OBLIGATORIAS PORVENIR MAYOR RIESGO,BGLT30071154,USD,7810799804.0
2026-03,Porvenir,FONDO DE PENSIONES OBLIGATORIAS PORVENIR MAYOR RIESGO,BGLT12071136,USD,15446207616.0
2026-03,Porvenir,FONDO DE PENSIONES OBLIGATORIAS PORVENIR MAYOR RIESGO,BGLT30150549,USD,1510476933.13
2026-03,Porvenir,FONDO DE PENSIONES OBLIGATORIAS PORVENIR MAYOR RIESGO,BGLT12141135,USD,11846535867.0
2026-03,Porvenir,FONDO DE PENSIONES OBLIGATORIAS PORVENIR MAYOR RIESGO,BGLT11200433,USD,7985752584.0
2026-03,Porvenir,FONDO DE PENSIONES OBLIGATORIAS PORVENIR MAYOR RIESGO,BGLT11020234,USD,64426837048.0
2026-03,Porvenir,FONDO DE PENSIONES OBLIGATORIAS PORVENIR MAYOR RIESGO,BGLT30260244,USD,5203509469.81
2026-03,Porvenir,FONDO DE PENSIONES OBLIGATORIAS PORVENIR MAYOR RIESGO,BGLT32180141,USD,32339911580.0
2026-03,Porvenir,FONDO DE PENSIONES OBLIGATORIAS PORVENIR MAYOR RIESGO,BGLT30260244,USD,6651179013.74
2026-03,Porvenir,FONDO DE PENSIONES OBLIGATORIAS PORVENIR MAYOR RIESGO,BGLT11020234,USD,37898139440.0
2026-03,Porvenir,FONDO DE PENSIONES OBLIGATORIAS PORVENIR MAYOR RIESGO,BGLT11200433,USD,31943010336.0
2026-03,Porvenir,FONDO DE PENSIONES OBLIGATORIAS PORVENIR MAYOR RIESGO,BGLT32180141,USD,12935964632.0
2026-03,Porvenir,FONDO DE PENSIONES OBLIGATORIAS PORVENIR MAYOR RIESGO,BGLT32180141,USD,9701973474.0
2026-03,Porvenir,FONDO DE PENSIONES OBLIGATORIAS PORVENIR MAYOR RIESGO,BGLT30260244,USD,4190315628.37
2026-03,Porvenir,FONDO DE PENSIONES OBLIGATORIAS PORVENIR MAYOR RIESGO,BGLT30150549,USD,18914737982.0
2026-03,Porvenir,FONDO DE PENSIONES OBLIGATORIAS PORVENIR MAYOR RIESGO,BGLT30260244,USD,13362386192.94
2026-03,Porvenir,FONDO DE PENSIONES OBLIGATORIAS PORVENIR MAYOR RIESGO,BGLT07210133,USD,25393700598.0
2026-03,Porvenir,FONDO DE PENSIONES OBLIGATORIAS PORVENIR MAYOR RIESGO,BGLT10250435,USD,40954688950.0
2026-03,Porvenir,FONDO DE PENSIONES OBLIGATORIAS PORVENIR MAYOR RIESGO,BGLT11020234,USD,15159255776.0
2026-03,Porvenir,FONDO DE PENSIONES OBLIGATORIAS PORVENIR MAYOR RIESGO,BGLT11020234,USD,22738883664.0
2026-03,Porvenir,FONDO DE PENSIONES OBLIGATORIAS PORVENIR MAYOR RIESGO,BGLT32180141,USD,9701973474.0
2026-03,Porvenir,FONDO DE PENSIONES OBLIGATORIAS PORVENIR MAYOR RIESGO,BGLT30260244,USD,5495782527.89
2026-03,Porvenir,FONDO DE PENSIONES OBLIGATORIAS PORVENIR MAYOR RIESGO,BGLT12071136,USD,3861551904.0
2026-03,Porvenir,FONDO DE PENSIONES OBLIGATORIAS PORVENIR MAYOR RIESGO,BGLT30150549,USD,13510527130.0
2026-03,Porvenir,FONDO DE PENSIONES OBLIGATORIAS PORVENIR MAYOR RIESGO,BGLT12071136,USD,27030863328.0
2026-03,Porvenir,FONDO DE PENSIONES OBLIGATORIAS PORVENIR MAYOR RIESGO,BGLT30150645,USD,1364494316.79
2026-03,Porvenir,FONDO DE PENSIONES OBLIGATORIAS PORVENIR MAYOR RIESGO,BGLT32180141,USD,16169955790.0
2026-03,Porvenir,FONDO DE PENSIONES OBLIGATORIAS PORVENIR MAYOR RIESGO,BGLT30260244,USD,3348172918.63
2026-03,Porvenir,FONDO DE PENSIONES OBLIGATORIAS PORVENIR MAYOR RIESGO,BGLT07210133,USD,36276715140.0
2026-03,Porvenir,FONDO DE PENSIONES OBLIGATORIAS PORVENIR MAYOR RIESGO,BGLT30260244,USD,26225897535.0
2026-03,Porvenir,FONDO DE PENSIONES OBLIGATORIAS PORVENIR MAYOR RIESGO,BGLT05250430,USD,15674890664.0
2026-03,Porvenir,FONDO DE PENSIONES OBLIGATORIAS PORVENIR MAYOR RIESGO,BGLT32180141,USD,16169955790.0
2026-03,Porvenir,FONDO DE PENSIONES OBLIGATORIAS PORVENIR MAYOR RIESGO,BGLT30260244,USD,11874795004.99
2026-04,Porvenir,FONDO DE PENSIONES OBLIGATORIAS PORVENIR CONSERVADOR,BGLT30150645,USD,5695394907.4
2026-04,Porvenir,FONDO DE PENSIONES OBLIGATORIAS PORVENIR CONSERVADOR,BGLT07210133,USD,14750539551.2
2026-04,Porvenir,FONDO DE PENSIONES OBLIGATORIAS PORVENIR CONSERVADOR,BGLT05250430,USD,28675673520.75
2026-04,Porvenir,FONDO DE PENSIONES OBLIGATORIAS PORVENIR CONSERVADOR,BGLT07210133,USD,3687634887.8
2026-04,Porvenir,FONDO DE PENSIONES OBLIGATORIAS PORVENIR CONSERVADOR,BGLT30260244,USD,9145791393.0
2026-04,Porvenir,FONDO DE PENSIONES OBLIGATORIAS PORVENIR CONSERVADOR,BGLT11020234,USD,7756480823.6
2026-04,Porvenir,FONDO DE PENSIONES OBLIGATORIAS PORVENIR CONSERVADOR,BGLT31180937,USD,22657249537.8
2026-04,Porvenir,FONDO DE PENSIONES OBLIGATORIAS PORVENIR CONSERVADOR,BGLT10250435,USD,4062334792.9
2026-04,Porvenir,FONDO DE PENSIONES OBLIGATORIAS PORVENIR CONSERVADOR,BGLT30150549,USD,2867158132.2
2026-04,Porvenir,FONDO DE PENSIONES OBLIGATORIAS PORVENIR CONSERVADOR,BGLT12071136,USD,3976707807.5
2026-04,Porvenir,FONDO DE CESANTIAS,BGLT30150645,USD,1139078981.48
2026-04,Porvenir,FONDO DE PENSIONES OBLIGATORIAS PORVENIR CONSERVADOR,BGLT30260244,USD,9145791393.0
2026-04,Porvenir,FONDO DE PENSIONES OBLIGATORIAS PORVENIR CONSERVADOR,BGLT10250435,USD,12187004378.7
2026-04,Porvenir,FONDO DE PENSIONES OBLIGATORIAS PORVENIR CONSERVADOR,BGLT12071136,USD,3976707807.5
2026-04,Porvenir,FONDO DE PENSIONES OBLIGATORIAS PORVENIR CONSERVADOR,BGLT30150645,USD,1423848726.85
2026-04,Porvenir,FONDO DE PENSIONES OBLIGATORIAS PORVENIR CONSERVADOR,BGLT30150549,USD,5734316264.4
2026-04,Porvenir,FONDO DE PENSIONES OBLIGATORIAS PORVENIR CONSERVADOR,BGLT30071154,USD,4123481336.0
2026-04,Porvenir,FONDO DE PENSIONES OBLIGATORIAS PORVENIR CONSERVADOR,BGLT12071136,USD,3976707807.5
2026-04,Porvenir,FONDO DE PENSIONES OBLIGATORIAS PORVENIR CONSERVADOR,BGLT11200433,USD,3928328924.5
2026-04,Porvenir,FONDO DE PENSIONES OBLIGATORIAS PORVENIR CONSERVADOR,BGLT30150549,USD,8601474396.6
2026-04,Porvenir,FONDO DE PENSIONES OBLIGATORIAS PORVENIR CONSERVADOR,BGLT07210133,USD,3687634887.8
2026-04,Porvenir,FONDO DE PENSIONES OBLIGATORIAS PORVENIR CONSERVADOR,BGLT30150549,USD,5734316264.4
2026-04,Porvenir,FONDO DE PENSIONES OBLIGATORIAS PORVENIR CONSERVADOR,BGLT30150549,USD,8601474396.6
2026-04,Porvenir,FONDO DE PENSIONES OBLIGATORIAS PORVENIR CONSERVADOR,BGLT32180141,USD,10067681927.4
2026-04,Porvenir,FONDO DE PENSIONES OBLIGATORIAS PORVENIR CONSERVADOR,BGLT32180141,USD,3355893975.8
2026-04,Porvenir,FONDO DE PENSIONES OBLIGATORIAS PORVENIR RETIRO PROGRAMADO,BGLT12071136,USD,3976707807.5
2026-04,Porvenir,FONDO DE PENSIONES OBLIGATORIAS PORVENIR CONSERVADOR,BGLT32180141,USD,3355893975.8
2026-04,Porvenir,FONDO DE PENSIONES OBLIGATORIAS PORVENIR CONSERVADOR,BGLT30150645,USD,5695394907.4
2026-04,Porvenir,FONDO DE PENSIONES OBLIGATORIAS PORVENIR RETIRO PROGRAMADO,BGLT30071154,USD,4123481336.0
2026-04,Porvenir,FONDO DE PENSIONES OBLIGATORIAS PORVENIR CONSERVADOR,BGLT11020234,USD,3878240411.8
2026-04,Porvenir,FONDO DE PENSIONES OBLIGATORIAS PORVENIR CONSERVADOR,BGLT11200433,USD,11784986773.5
2026-04,Porvenir,FONDO DE PENSIONES OBLIGATORIAS PORVENIR CONSERVADOR,BGLT30150549,USD,2867158132.2
2026-04,Porvenir,FONDO DE CESANTIAS,BGLT07210133,USD,3687634887.8
2026-04,Porvenir,FONDO DE CESANTIAS,BGLT11200433,USD,3928328924.5
2026-04,Porvenir,FONDO DE CESANTIAS,BGLT10250435,USD,8124669585.8
2026-04,Porvenir,FONDO DE PENSIONES OBLIGATORIAS PORVENIR RETIRO PROGRAMADO,BGLT11200433,USD,7856657849.0
2026-04,Porvenir,FONDO DE PENSIONES OBLIGATORIAS PORVENIR RETIRO PROGRAMADO,BGLT07210133,USD,3687634887.8
2026-04,Porvenir,FONDO DE CESANTIAS,BGLT05250430,USD,3823423136.1
2026-04,Porvenir,FONDO DE PENSIONES OBLIGATORIAS PORVENIR RETIRO PROGRAMADO,BGLT30071154,USD,4123481336.0
2026-04,Porvenir,FONDO DE PENSIONES OBLIGATORIAS PORVENIR CONSERVADOR,BGLT30150645,USD,19933882175.9
2026-04,Porvenir,FONDO DE CESANTIAS,BGLT07210133,USD,3687634887.8
2026-04,Porvenir,FONDO DE PENSIONES OBLIGATORIAS PORVENIR CONSERVADOR,BGLT31180937,USD,30209666050.4
2026-04,Porvenir,FONDO DE PENSIONES OBLIGATORIAS PORVENIR CONSERVADOR,BGLT10250435,USD,8124669585.8
2026-04,Porvenir,FONDO DE PENSIONES OBLIGATORIAS PORVENIR CONSERVADOR,BGLT30260244,USD,15242985655.0
2026-04,Porvenir,FONDO DE PENSIONES OBLIGATORIAS PORVENIR RETIRO PROGRAMADO,BGLT32180141,USD,3355893975.8
2026-04,Porvenir,FONDO DE PENSIONES OBLIGATORIAS PORVENIR CONSERVADOR,BGLT12071136,USD,31813662460.0
2026-04,Porvenir,FONDO DE PENSIONES OBLIGATORIAS PORVENIR RETIRO PROGRAMADO,BGLT32180141,USD,3355893975.8
2026-04,Porvenir,FONDO DE PENSIONES OBLIGATORIAS PORVENIR RETIRO PROGRAMADO,BGLT12071136,USD,1988353903.75
2026-04,Porvenir,FONDO DE CESANTIAS,BGLT32180141,USD,16779469879.0
2026-04,Porvenir,FONDO DE CESANTIAS,BGLT31180937,USD,11328624768.9
2026-04,Porvenir,FONDO DE PENSIONES OBLIGATORIAS PORVENIR CONSERVADOR,BGLT30260244,USD,6097194262.0
2026-04,Porvenir,FONDO DE CESANTIAS,BGLT12071136,USD,3976707807.5
2026-04,Porvenir,FONDO DE PENSIONES OBLIGATORIAS PORVENIR CONSERVADOR,BGLT07210133,USD,7375269775.6
2026-04,Porvenir,FONDO DE PENSIONES OBLIGATORIAS PORVENIR RETIRO PROGRAMADO,BGLT12071136,USD,19883539037.5
2026-04,Porvenir,FONDO DE CESANTIAS,BGLT07210133,USD,7375269775.6
2026-04,Porvenir,FONDO DE PENSIONES OBLIGATORIAS PORVENIR RETIRO PROGRAMADO,BGLT32180141,USD,16779469879.0
2026-04,Porvenir,FONDO DE PENSIONES OBLIGATORIAS PORVENIR RETIRO PROGRAMADO,BGLT30071154,USD,4123481336.0
2026-04,Porvenir,FONDO DE PENSIONES OBLIGATORIAS PORVENIR RETIRO PROGRAMADO,BGLT10250435,USD,8124669585.8
2026-04,Porvenir,FONDO DE PENSIONES OBLIGATORIAS PORVENIR RETIRO PROGRAMADO,BGLT05250430,USD,3823423136.1
2026-04,Porvenir,FONDO DE PENSIONES OBLIGATORIAS PORVENIR RETIRO PROGRAMADO,BGLT30071154,USD,4123481336.0
2026-04,Porvenir,FONDO DE PENSIONES OBLIGATORIAS PORVENIR RETIRO PROGRAMADO,BGLT30150549,USD,5734316264.4
2026-04,Porvenir,FONDO DE PENSIONES OBLIGATORIAS PORVENIR CONSERVADOR,BGLT05250430,USD,3823423136.1
2026-04,Porvenir,FONDO DE PENSIONES OBLIGATORIAS PORVENIR RETIRO PROGRAMADO,BGLT30071154,USD,4123481336.0
2026-04,Porvenir,FONDO DE PENSIONES OBLIGATORIAS PORVENIR RETIRO PROGRAMADO,BGLT31180937,USD,18881041281.5
2026-04,Porvenir,FONDO DE PENSIONES OBLIGATORIAS PORVENIR CONSERVADOR,BGLT03190928,EUR,43056078314.65
2026-04,Porvenir,FONDO DE PENSIONES OBLIGATORIAS PORVENIR RETIRO PROGRAMADO,BGLT30150549,USD,2867158132.2
2026-04,Porvenir,FONDO DE PENSIONES OBLIGATORIAS PORVENIR RETIRO PROGRAMADO,BGLT07210133,USD,11062904663.4
2026-04,Porvenir,FONDO DE PENSIONES OBLIGATORIAS PORVENIR CONSERVADOR,BGLT32180141,USD,6711787951.6
2026-04,Porvenir,FONDO DE PENSIONES OBLIGATORIAS PORVENIR RETIRO PROGRAMADO,BGLT12071136,USD,19883539037.5
2026-04,Porvenir,FONDO DE PENSIONES OBLIGATORIAS PORVENIR RETIRO PROGRAMADO,BGLT11020234,USD,19391202059.0
2026-04,Porvenir,FONDO DE PENSIONES OBLIGATORIAS PORVENIR RETIRO PROGRAMADO,BGLT30071154,USD,8246962672.0
2026-04,Porvenir,FONDO DE PENSIONES OBLIGATORIAS PORVENIR RETIRO PROGRAMADO,BGLT32180141,USD,60406091564.4
2026-04,Porvenir,FONDO DE PENSIONES OBLIGATORIAS PORVENIR RETIRO PROGRAMADO,BGLT12071136,USD,3976707807.5
2026-04,Porvenir,FONDO DE PENSIONES OBLIGATORIAS PORVENIR RETIRO PROGRAMADO,BGLT12071136,USD,19883539037.5
2026-04,Porvenir,FONDO DE PENSIONES OBLIGATORIAS PORVENIR RETIRO PROGRAMADO,BGLT12071136,USD,3976707807.5
2026-04,Porvenir,FONDO DE PENSIONES OBLIGATORIAS PORVENIR RETIRO PROGRAMADO,BGLT11200433,USD,3928328924.5
2026-04,Porvenir,FONDO DE PENSIONES OBLIGATORIAS PORVENIR RETIRO PROGRAMADO,BGLT11020234,USD,3878240411.8
2026-04,Porvenir,FONDO DE PENSIONES OBLIGATORIAS PORVENIR RETIRO PROGRAMADO,BGLT32180141,USD,6711787951.6
2026-04,Porvenir,FONDO DE PENSIONES OBLIGATORIAS PORVENIR RETIRO PROGRAMADO,BGLT05250430,USD,7646846272.2
2026-04,Porvenir,FONDO DE CESANTIAS,BGLT12071136,USD,3976707807.5
2026-04,Porvenir,FONDO DE CESANTIAS,BGLT32180141,USD,6711787951.6
2026-04,Porvenir,FONDO DE CESANTIAS,BGLT31180937,USD,7552416512.6
2026-04,Porvenir,FONDO DE CESANTIAS,BGLT30150549,USD,2867158132.2
2026-04,Porvenir,FONDO DE CESANTIAS,BGLT10250435,USD,4062334792.9
2026-04,Porvenir,FONDO DE CESANTIAS,BGLT07210133,USD,7375269775.6
2026-04,Porvenir,FONDO DE CESANTIAS,BGLT12071136,USD,3976707807.5
2026-04,Porvenir,FONDO DE CESANTIAS,BGLT11020234,USD,3878240411.8
2026-04,Porvenir,FONDO DE CESANTIAS,BGLT11020234,USD,3878240411.8
2026-04,Porvenir,FONDO DE CESANTIAS,BGLT07210133,USD,7375269775.6
2026-04,Porvenir,FONDO DE CESANTIAS,BGLT11200433,USD,3928328924.5
2026-04,Porvenir,FONDO DE PENSIONES OBLIGATORIAS PORVENIR RETIRO PROGRAMADO,BGLT07210133,USD,7375269775.6
2026-04,Porvenir,FONDO DE PENSIONES OBLIGATORIAS PORVENIR RETIRO PROGRAMADO,BGLT31180937,USD,22279628712.17
2026-04,Porvenir,FONDO DE PENSIONES OBLIGATORIAS PORVENIR CONSERVADOR,BGLT10250435,USD,8124669585.8
2026-04,Porvenir,FONDO DE PENSIONES OBLIGATORIAS PORVENIR CONSERVADOR,BGLT07210133,USD,7375269775.6
2026-04,Porvenir,FONDO DE PENSIONES OBLIGATORIAS PORVENIR RETIRO PROGRAMADO,BGLT05250430,USD,5735134704.15
2026-04,Porvenir,FONDO DE PENSIONES OBLIGATORIAS PORVENIR RETIRO PROGRAMADO,BGLT11200433,USD,3928328924.5
2026-04,Porvenir,FONDO DE PENSIONES OBLIGATORIAS PORVENIR RETIRO PROGRAMADO,BGLT30260244,USD,6097194262.0
2026-04,Porvenir,FONDO DE PENSIONES OBLIGATORIAS PORVENIR RETIRO PROGRAMADO,BGLT10250435,USD,4062334792.9
2026-04,Porvenir,FONDO DE PENSIONES OBLIGATORIAS PORVENIR RETIRO PROGRAMADO,BGLT32180141,USD,3355893975.8
2026-04,Porvenir,FONDO DE PENSIONES OBLIGATORIAS PORVENIR RETIRO PROGRAMADO,BGLT03190928,EUR,55972901809.05
2026-04,Porvenir,FONDO DE PENSIONES OBLIGATORIAS PORVENIR RETIRO PROGRAMADO,BGLT30150549,USD,5734316264.4
2026-04,Porvenir,FONDO DE PENSIONES OBLIGATORIAS PORVENIR RETIRO PROGRAMADO,BGLT30260244,USD,15242985655.0
2026-04,Porvenir,FONDO DE PENSIONES OBLIGATORIAS PORVENIR CONSERVADOR,BGLT12071136,USD,11930123422.5
2026-04,Porvenir,FONDO DE PENSIONES OBLIGATORIAS PORVENIR CONSERVADOR,BGLT32180141,USD,3355893975.8
2026-04,Porvenir,FONDO DE PENSIONES OBLIGATORIAS PORVENIR CONSERVADOR,BGLT11020234,USD,3878240411.8
2026-04,Porvenir,FONDO DE PENSIONES OBLIGATORIAS PORVENIR CONSERVADOR,BGLT30150549,USD,17288963537.17
2026-04,Porvenir,FONDO DE PENSIONES OBLIGATORIAS PORVENIR CONSERVADOR,BGLT30150645,USD,5695394907.4
2026-04,Porvenir,FONDO DE PENSIONES OBLIGATORIO MODERADO,BGLT12071136,USD,31813662460.0
2026-04,Porvenir,FONDO DE PENSIONES OBLIGATORIO MODERADO,BGLT12071136,USD,21871892941.25
2026-04,Porvenir,FONDO DE PENSIONES OBLIGATORIO MODERADO,BGLT32180141,USD,16779469879.0
2026-04,Porvenir,FONDO DE PENSIONES OBLIGATORIO MODERADO,BGLT07210133,USD,14750539551.2
2026-04,Porvenir,FONDO DE PENSIONES OBLIGATORIO MODERADO,BGLT32180141,USD,13423575903.2
2026-04,Colfondos,FONDO DE PENSIONES COLFONDOS MAYOR RIESGO,BGLT30150645,USD,33602829953.66
2026-04,Porvenir,FONDO DE PENSIONES OBLIGATORIO MODERADO,BGLT30071154,USD,18555666012.0
2026-04,Porvenir,FONDO DE PENSIONES OBLIGATORIO MODERADO,BGLT05250430,USD,24852250384.65
2026-04,Porvenir,FONDO DE PENSIONES OBLIGATORIO MODERADO,BGLT10250435,USD,44685682721.9
2026-04,Porvenir,FONDO DE PENSIONES OBLIGATORIO MODERADO,BGLT11020234,USD,42660644529.8
2026-04,Porvenir,FONDO DE PENSIONES OBLIGATORIO MODERADO,BGLT12071136,USD,22269563722.0
2026-04,Porvenir,FONDO DE PENSIONES OBLIGATORIO MODERADO,BGLT12071136,USD,15906831230.0
2026-04,Porvenir,FONDO DE PENSIONES OBLIGATORIO MODERADO,BGLT11200433,USD,15713315698.0
2026-04,Porvenir,FONDO DE PENSIONES OBLIGATORIO MODERADO,BGLT05250430,USD,19117115680.5
2026-04,Porvenir,FONDO DE PENSIONES OBLIGATORIO MODERADO,BGLT05250430,USD,28675673520.75
2026-04,Porvenir,FONDO DE PENSIONES OBLIGATORIO MODERADO,BGLT30071154,USD,20617406680.0
2026-04,Porvenir,FONDO DE PENSIONES OBLIGATORIO MODERADO,BGLT10250435,USD,40623347929.0
2026-04,Porvenir,FONDO DE PENSIONES OBLIGATORIO MODERADO,BGLT10250435,USD,20311673964.5
2026-04,Porvenir,FONDO DE PENSIONES OBLIGATORIO MODERADO,BGLT32180141,USD,16779469879.0
2026-04,Porvenir,FONDO DE PENSIONES OBLIGATORIO MODERADO,BGLT32180141,USD,10067681927.4
2026-04,Porvenir,FONDO DE PENSIONES OBLIGATORIO MODERADO,BGLT30150549,USD,22937265057.6
2026-04,Porvenir,FONDO DE PENSIONES OBLIGATORIO MODERADO,BGLT12071136,USD,39767078075.0
2026-04,Porvenir,FONDO DE PENSIONES OBLIGATORIO MODERADO,BGLT30071154,USD,16493925344.0
2026-04,Porvenir,FONDO DE PENSIONES OBLIGATORIO MODERADO,BGLT12071136,USD,27836954652.5
2026-04,Porvenir,FONDO DE PENSIONES OBLIGATORIO MODERADO,BGLT11200433,USD,11784986773.5
2026-04,Porvenir,FONDO DE PENSIONES OBLIGATORIO MODERADO,BGLT12071136,USD,15906831230.0
2026-04,Porvenir,FONDO DE PENSIONES OBLIGATORIO MODERADO,BGLT12071136,USD,19883539037.5
2026-04,Porvenir,FONDO DE PENSIONES OBLIGATORIO MODERADO,BGLT11200433,USD,31426631396.0
2026-04,Porvenir,FONDO DE PENSIONES OBLIGATORIO MODERADO,BGLT32180141,USD,10067681927.4
2026-04,Porvenir,FONDO DE PENSIONES OBLIGATORIO MODERADO,BGLT12071136,USD,11930123422.5
2026-04,Porvenir,FONDO DE PENSIONES OBLIGATORIO MODERADO,BGLT07210133,USD,33188713990.2
2026-04,Porvenir,FONDO DE PENSIONES OBLIGATORIO MODERADO,BGLT10250435,USD,20311673964.5
2026-04,Porvenir,FONDO DE PENSIONES OBLIGATORIO MODERADO,BGLT32180141,USD,33558939758.0
2026-04,Porvenir,FONDO DE PENSIONES OBLIGATORIO MODERADO,BGLT10250435,USD,16249339171.6
2026-04,Porvenir,FONDO DE PENSIONES OBLIGATORIO MODERADO,BGLT12071136,USD,31813662460.0
2026-04,Porvenir,FONDO DE PENSIONES OBLIGATORIO MODERADO,BGLT07210133,USD,66377427980.4
2026-04,Porvenir,FONDO DE PENSIONES OBLIGATORIO MODERADO,BGLT30071154,USD,12370444008.0
2026-04,Porvenir,FONDO DE PENSIONES OBLIGATORIO MODERADO,BGLT07210133,USD,51626888429.2
2026-04,Porvenir,FONDO DE PENSIONES OBLIGATORIO MODERADO,BGLT10250435,USD,4062334792.9
2026-04,Porvenir,FONDO DE PENSIONES OBLIGATORIO MODERADO,BGLT07210133,USD,40563983765.8
2026-04,Porvenir,FONDO DE PENSIONES OBLIGATORIO MODERADO,BGLT10250435,USD,60935021893.5
2026-04,Porvenir,FONDO DE PENSIONES OBLIGATORIO MODERADO,BGLT31180937,USD,199006175107.01
2026-04,Porvenir,FONDO DE PENSIONES OBLIGATORIO MODERADO,BGLT12071136,USD,87487571765.0
2026-04,Porvenir,FONDO DE PENSIONES OBLIGATORIO MODERADO,BGLT32180141,USD,16779469879.0
2026-04,Porvenir,FONDO DE PENSIONES OBLIGATORIO MODERADO,BGLT30260244,USD,609719.43
2026-04,Porvenir,FONDO DE PENSIONES OBLIGATORIO MODERADO,BGLT11020234,USD,15512961647.2
2026-04,Porvenir,FONDO DE PENSIONES OBLIGATORIO MODERADO,BGLT03190928,EUR,4533805046.53
2026-04,Porvenir,FONDO DE PENSIONES OBLIGATORIO MODERADO,BGLT11020234,USD,23269442470.8
2026-04,Porvenir,FONDO DE PENSIONES OBLIGATORIO MODERADO,BGLT12071136,USD,19883539037.5
2026-04,Porvenir,FONDO DE PENSIONES OBLIGATORIO MODERADO,BGLT11020234,USD,50417125353.4
2026-04,Porvenir,FONDO DE PENSIONES OBLIGATORIO MODERADO,BGLT11200433,USD,47139947094.0
2026-04,Porvenir,FONDO DE PENSIONES OBLIGATORIO MODERADO,BGLT30150645,USD,14784390870.37
2026-04,Porvenir,FONDO DE PENSIONES OBLIGATORIO MODERADO,BGLT30260244,USD,18291582786.0
2026-04,Porvenir,FONDO DE PENSIONES OBLIGATORIO MODERADO,BGLT30150549,USD,4435493630.51
2026-04,Porvenir,FONDO DE PENSIONES OBLIGATORIO MODERADO,BGLT31180937,USD,56643123844.5
2026-04,Porvenir,FONDO DE PENSIONES OBLIGATORIO MODERADO,BGLT12071136,USD,47720493690.0
2026-04,Porvenir,FONDO DE PENSIONES OBLIGATORIO MODERADO,BGLT12071136,USD,15906831230.0
2026-04,Porvenir,FONDO DE PENSIONES OBLIGATORIO MODERADO,BGLT12071136,USD,25848600748.75
2026-04,Porvenir,FONDO DE PENSIONES OBLIGATORIO MODERADO,BGLT30150549,USD,14335790661.0
2026-04,Porvenir,FONDO DE PENSIONES OBLIGATORIO MODERADO,BGLT07210133,USD,73752697756.0
2026-04,Porvenir,FONDO DE PENSIONES OBLIGATORIO MODERADO,BGLT32180141,USD,20135363854.8
2026-04,Porvenir,FONDO DE PENSIONES OBLIGATORIO MODERADO,BGLT32180141,USD,33558939758.0
2026-04,Porvenir,FONDO DE PENSIONES OBLIGATORIAS PORVENIR MAYOR RIESGO,BGLT32180141,USD,13423575903.2
2026-04,Porvenir,FONDO DE PENSIONES OBLIGATORIO MODERADO,BGLT11020234,USD,5817360617.7
2026-04,Porvenir,FONDO DE PENSIONES OBLIGATORIAS PORVENIR MAYOR RIESGO,BGLT30260244,USD,16986478354.22
2026-04,Porvenir,FONDO DE PENSIONES OBLIGATORIAS PORVENIR MAYOR RIESGO,BGLT07210133,USD,22125809326.8
2026-04,Porvenir,FONDO DE PENSIONES OBLIGATORIAS PORVENIR MAYOR RIESGO,BGLT30260244,USD,5749654189.07
2026-04,Porvenir,FONDO DE PENSIONES OBLIGATORIAS PORVENIR MAYOR RIESGO,BGLT10250435,USD,12187004378.7
2026-04,Porvenir,FONDO DE PENSIONES OBLIGATORIAS PORVENIR MAYOR RIESGO,BGLT30260244,USD,2481558064.63
2026-04,Porvenir,FONDO DE PENSIONES OBLIGATORIAS PORVENIR MAYOR RIESGO,BGLT11020234,USD,7756480823.6
2026-04,Porvenir,FONDO DE PENSIONES OBLIGATORIO MODERADO,BGLT32180141,USD,16779469879.0
2026-04,Porvenir,FONDO DE PENSIONES OBLIGATORIAS PORVENIR MAYOR RIESGO,BGLT11200433,USD,31426631396.0
2026-04,Porvenir,FONDO DE PENSIONES OBLIGATORIAS PORVENIR MAYOR RIESGO,BGLT12071136,USD,51697201497.5
2026-04,Porvenir,FONDO DE PENSIONES OBLIGATORIAS PORVENIR MAYOR RIESGO,BGLT30260244,USD,4942385668.78
2026-04,Porvenir,FONDO DE PENSIONES OBLIGATORIAS PORVENIR MAYOR RIESGO,BGLT30260244,USD,13979647003.91
2026-04,Porvenir,FONDO DE PENSIONES OBLIGATORIAS PORVENIR MAYOR RIESGO,BGLT31180937,USD,92517102279.35
2026-04,Porvenir,FONDO DE PENSIONES OBLIGATORIAS PORVENIR MAYOR RIESGO,BGLT10250435,USD,4062334792.9
2026-04,Porvenir,FONDO DE PENSIONES OBLIGATORIAS PORVENIR MAYOR RIESGO,BGLT07210133,USD,7375269775.6
2026-04,Porvenir,FONDO DE PENSIONES OBLIGATORIAS PORVENIR MAYOR RIESGO,BGLT11020234,USD,65930087000.6
2026-04,Porvenir,FONDO DE PENSIONES OBLIGATORIAS PORVENIR MAYOR RIESGO,BGLT30260244,USD,3999454576.16
2026-04,Porvenir,FONDO DE PENSIONES OBLIGATORIAS PORVENIR MAYOR RIESGO,BGLT32180141,USD,13423575903.2
2026-04,Porvenir,FONDO DE PENSIONES OBLIGATORIAS PORVENIR MAYOR RIESGO,BGLT32180141,USD,10067681927.4
2026-04,Porvenir,FONDO DE PENSIONES OBLIGATORIAS PORVENIR MAYOR RIESGO,BGLT07210133,USD,55314523317.0
2026-04,Porvenir,FONDO DE PENSIONES OBLIGATORIAS PORVENIR MAYOR RIESGO,BGLT12071136,USD,15906831230.0
2026-04,Porvenir,FONDO DE PENSIONES OBLIGATORIAS PORVENIR MAYOR RIESGO,BGLT12071136,USD,7953415615.0
2026-04,Porvenir,FONDO DE PENSIONES OBLIGATORIAS PORVENIR MAYOR RIESGO,BGLT12071136,USD,3976707807.5
2026-04,Porvenir,FONDO DE PENSIONES OBLIGATORIAS PORVENIR MAYOR RIESGO,BGLT30260244,USD,4383882674.38
2026-04,Porvenir,FONDO DE PENSIONES OBLIGATORIAS PORVENIR MAYOR RIESGO,BGLT30150549,USD,14335790661.0
2026-04,Porvenir,FONDO DE PENSIONES OBLIGATORIAS PORVENIR MAYOR RIESGO,BGLT31180937,USD,45314499075.6
2026-04,Porvenir,FONDO DE PENSIONES OBLIGATORIAS PORVENIR MAYOR RIESGO,BGLT11200433,USD,11784986773.5
2026-04,Porvenir,FONDO DE PENSIONES OBLIGATORIAS PORVENIR MAYOR RIESGO,BGLT12071136,USD,7953415615.0
2026-04,Porvenir,FONDO DE PENSIONES OBLIGATORIAS PORVENIR MAYOR RIESGO,BGLT30260244,USD,8128474530.39
2026-04,Porvenir,FONDO DE PENSIONES OBLIGATORIAS PORVENIR MAYOR RIESGO,BGLT07210133,USD,25813444214.6
2026-04,Porvenir,FONDO DE PENSIONES OBLIGATORIAS PORVENIR MAYOR RIESGO,BGLT07210133,USD,7375269775.6
2026-04,Porvenir,FONDO DE PENSIONES OBLIGATORIAS PORVENIR MAYOR RIESGO,BGLT32180141,USD,16779469879.0
2026-04,Porvenir,FONDO DE PENSIONES OBLIGATORIAS PORVENIR MAYOR RIESGO,BGLT30260244,USD,3502838103.52
2026-04,Porvenir,FONDO DE PENSIONES OBLIGATORIAS PORVENIR MAYOR RIESGO,BGLT32180141,USD,16779469879.0
2026-04,Porvenir,FONDO DE PENSIONES OBLIGATORIAS PORVENIR MAYOR RIESGO,BGLT30150549,USD,20070106925.4
2026-04,Porvenir,FONDO DE PENSIONES OBLIGATORIAS PORVENIR MAYOR RIESGO,BGLT11020234,USD,38782404118.0
2026-04,Porvenir,FONDO DE PENSIONES OBLIGATORIAS PORVENIR MAYOR RIESGO,BGLT11020234,USD,3878240411.8
2026-04,Porvenir,FONDO DE PENSIONES OBLIGATORIAS PORVENIR MAYOR RIESGO,BGLT30071154,USD,18555666012.0
2026-04,Porvenir,FONDO DE PENSIONES OBLIGATORIAS PORVENIR MAYOR RIESGO,BGLT11020234,USD,23269442470.8
2026-04,Porvenir,FONDO DE PENSIONES OBLIGATORIAS PORVENIR MAYOR RIESGO,BGLT11200433,USD,7856657849.0
2026-04,Porvenir,FONDO DE PENSIONES OBLIGATORIAS PORVENIR MAYOR RIESGO,BGLT07210133,USD,36876348878.0
2026-04,Porvenir,FONDO DE PENSIONES OBLIGATORIAS PORVENIR MAYOR RIESGO,BGLT30260244,USD,6958422951.51
2026-04,Porvenir,FONDO DE PENSIONES OBLIGATORIAS PORVENIR MAYOR RIESGO,BGLT30150227,USD,1881502047.5
2026-04,Porvenir,FONDO DE PENSIONES OBLIGATORIAS PORVENIR MAYOR RIESGO,BGLT30150645,USD,1447484615.72
2026-04,Porvenir,FONDO DE PENSIONES OBLIGATORIAS PORVENIR MAYOR RIESGO,BGLT30071154,USD,8246962672.0
2026-04,Porvenir,FONDO DE PENSIONES OBLIGATORIAS PORVENIR MAYOR RIESGO,BGLT30071154,USD,12370444008.0
2026-04,Porvenir,FONDO DE PENSIONES OBLIGATORIAS PORVENIR MAYOR RIESGO,BGLT32180141,USD,10067681927.4
2026-04,Porvenir,FONDO DE PENSIONES OBLIGATORIAS PORVENIR MAYOR RIESGO,BGLT12071136,USD,15906831230.0
2026-04,Porvenir,FONDO DE PENSIONES OBLIGATORIAS PORVENIR MAYOR RIESGO,BGLT10250435,USD,36561013136.1
2026-04,Porvenir,FONDO DE PENSIONES OBLIGATORIAS PORVENIR MAYOR RIESGO,BGLT30260244,USD,27437374179.0
2026-04,Porvenir,FONDO DE PENSIONES OBLIGATORIAS PORVENIR MAYOR RIESGO,BGLT10250435,USD,28436343550.3
2026-04,Porvenir,FONDO DE PENSIONES OBLIGATORIAS PORVENIR MAYOR RIESGO,BGLT32180141,USD,6711787951.6
2026-04,Porvenir,FONDO DE PENSIONES OBLIGATORIAS PORVENIR MAYOR RIESGO,BGLT11020234,USD,15512961647.2
2026-04,Porvenir,FONDO DE PENSIONES OBLIGATORIAS PORVENIR MAYOR RIESGO,BGLT30071154,USD,8246962672.0
2026-04,Porvenir,FONDO DE PENSIONES OBLIGATORIAS PORVENIR MAYOR RIESGO,BGLT07210133,USD,7375269775.6
2026-04,Porvenir,FONDO DE PENSIONES OBLIGATORIAS PORVENIR MAYOR RIESGO,BGLT30260244,USD,11917575904.51
2026-04,Porvenir,FONDO DE PENSIONES OBLIGATORIAS PORVENIR MAYOR RIESGO,BGLT30260244,USD,12423338168.54
2026-04,Porvenir,FONDO DE PENSIONES OBLIGATORIAS PORVENIR MAYOR RIESGO,BGLT05250430,USD,15293692544.4
2026-04,Porvenir,FONDO DE PENSIONES OBLIGATORIAS PORVENIR MAYOR RIESGO,BGLT07210133,USD,36876348878.0
2026-04,Porvenir,FONDO DE PENSIONES OBLIGATORIAS PORVENIR MAYOR RIESGO,BGLT32180141,USD,20135363854.8
2026-04,Porvenir,FONDO DE PENSIONES OBLIGATORIAS PORVENIR MAYOR RIESGO,BGLT12071136,USD,11930123422.5
2026-04,Porvenir,FONDO DE PENSIONES OBLIGATORIAS PORVENIR MAYOR RIESGO,BGLT12071136,USD,3976707807.5
2026-04,Porvenir,FONDO DE PENSIONES OBLIGATORIAS PORVENIR MAYOR RIESGO,BGLT30260244,USD,2501069086.27
2026-04,Porvenir,FONDO DE PENSIONES OBLIGATORIAS PORVENIR MAYOR RIESGO,BGLT32180141,USD,26847151806.4
2026-04,Porvenir,FONDO DE PENSIONES OBLIGATORIAS PORVENIR MAYOR RIESGO,BGLT30150549,USD,20070106925.4
2026-04,Porvenir,FONDO DE PENSIONES OBLIGATORIAS PORVENIR MAYOR RIESGO,BGLT32180141,USD,26847151806.4
2026-04,Porvenir,FONDO DE PENSIONES OBLIGATORIAS PORVENIR MAYOR RIESGO,BGLT10250435,USD,40623347929.0
2026-04,Porvenir,FONDO DE PENSIONES OBLIGATORIAS PORVENIR MAYOR RIESGO,BGLT30150549,USD,1602741395.9
2026-04,Porvenir,FONDO DE PENSIONES OBLIGATORIAS PORVENIR MAYOR RIESGO,BGLT30260244,USD,5443879896.83
2026-04,Porvenir,FONDO DE PENSIONES OBLIGATORIAS PORVENIR MAYOR RIESGO,BGLT30071154,USD,14432184676.0
2026-04,Porvenir,FONDO DE PENSIONES OBLIGATORIAS PORVENIR MAYOR RIESGO,BGLT32180141,USD,33558939758.0
2026-04,Porvenir,FONDO DE PENSIONES OBLIGATORIAS PORVENIR MAYOR RIESGO,BGLT10250435,USD,16249339171.6
2026-04,Porvenir,FONDO DE PENSIONES OBLIGATORIAS PORVENIR MAYOR RIESGO,BGLT12071136,USD,27836954652.5
2026-05,Porvenir,FONDO DE PENSIONES OBLIGATORIAS PORVENIR CONSERVADOR,BGLT05250430,USD,3861983937.0
2026-05,Porvenir,FONDO DE PENSIONES OBLIGATORIAS PORVENIR CONSERVADOR,BGLT07210133,USD,3728319966.0
2026-05,Porvenir,FONDO DE PENSIONES OBLIGATORIAS PORVENIR CONSERVADOR,BGLT07210133,USD,3728319966.0
2026-05,Porvenir,FONDO DE PENSIONES OBLIGATORIAS PORVENIR RETIRO PROGRAMADO,BGLT05250430,USD,7723967874.0
2026-05,Porvenir,FONDO DE PENSIONES OBLIGATORIAS PORVENIR CONSERVADOR,BGLT07210133,USD,3728319966.0
2026-05,Porvenir,FONDO DE PENSIONES OBLIGATORIAS PORVENIR CONSERVADOR,BGLT31180937,USD,22859849376.0
2026-05,Porvenir,FONDO DE PENSIONES OBLIGATORIAS PORVENIR CONSERVADOR,BGLT30260244,USD,9192579606.0
2026-05,Porvenir,FONDO DE PENSIONES OBLIGATORIAS PORVENIR CONSERVADOR,BGLT31180937,USD,30479799168.0
2026-05,Porvenir,FONDO DE PENSIONES OBLIGATORIO MODERADO,BGLT30150645,USD,548103487.3
2026-05,Porvenir,FONDO DE PENSIONES OBLIGATORIAS PORVENIR CONSERVADOR,BGLT12071136,USD,3869634489.0
2026-05,Porvenir,FONDO DE PENSIONES OBLIGATORIAS PORVENIR CONSERVADOR,BGLT10250435,USD,4073735032.5
2026-05,Porvenir,FONDO DE PENSIONES OBLIGATORIAS PORVENIR CONSERVADOR,BGLT30150549,USD,2777738880.0
2026-05,Porvenir,FONDO DE PENSIONES OBLIGATORIO MODERADO,BGLT12071136,USD,25152624178.5
2026-05,Porvenir,FONDO DE PENSIONES OBLIGATORIAS PORVENIR CONSERVADOR,BGLT03190928,EUR,43455386062.7
2026-05,Porvenir,FONDO DE PENSIONES OBLIGATORIAS PORVENIR CONSERVADOR,BGLT12071136,USD,7739268978.0
2026-05,Porvenir,FONDO DE PENSIONES OBLIGATORIAS PORVENIR CONSERVADOR,BGLT30260244,USD,15320966010.0
2026-05,Porvenir,FONDO DE PENSIONES OBLIGATORIAS PORVENIR CONSERVADOR,BGLT11200433,USD,19803895230.0
2026-05,Porvenir,FONDO DE PENSIONES OBLIGATORIAS PORVENIR CONSERVADOR,BGLT12071136,USD,30957075912.0
2026-05,Porvenir,FONDO DE PENSIONES OBLIGATORIAS PORVENIR CONSERVADOR,BGLT07210133,USD,14913279864.0
2026-05,Porvenir,FONDO DE PENSIONES OBLIGATORIO MODERADO,BGLT11220432,USD,69073523673.0
2026-05,Porvenir,FONDO DE PENSIONES OBLIGATORIAS PORVENIR CONSERVADOR,BGLT07210133,USD,7456639932.0
2026-05,Porvenir,FONDO DE PENSIONES OBLIGATORIAS PORVENIR CONSERVADOR,BGLT30150549,USD,83332166.4
2026-05,Porvenir,FONDO DE PENSIONES OBLIGATORIAS PORVENIR CONSERVADOR,BGLT11200433,USD,63372464736.0
2026-05,Porvenir,FONDO DE PENSIONES OBLIGATORIAS PORVENIR CONSERVADOR,BGLT11200433,USD,43568569506.0
2026-05,Porvenir,FONDO DE PENSIONES OBLIGATORIAS PORVENIR CONSERVADOR,BGLT12071136,USD,3869634489.0
2026-05,Porvenir,FONDO DE PENSIONES OBLIGATORIAS PORVENIR CONSERVADOR,BGLT32180141,USD,3382022143.5
2026-05,Porvenir,FONDO DE PENSIONES OBLIGATORIAS PORVENIR CONSERVADOR,BGLT07210133,USD,7456639932.0
2026-05,Porvenir,FONDO DE PENSIONES OBLIGATORIAS PORVENIR CONSERVADOR,BGLT11200433,USD,3960779046.0
2026-05,Porvenir,FONDO DE PENSIONES OBLIGATORIAS PORVENIR CONSERVADOR,BGLT11020234,USD,3915537801.0
2026-05,Porvenir,FONDO DE PENSIONES OBLIGATORIAS PORVENIR CONSERVADOR,BGLT11200433,USD,11882337138.0
2026-05,Porvenir,FONDO DE PENSIONES OBLIGATORIAS PORVENIR RETIRO PROGRAMADO,BGLT11150431,USD,16138067032.5
2026-05,Porvenir,FONDO DE PENSIONES OBLIGATORIAS PORVENIR CONSERVADOR,BGLT11220432,USD,12558822486.0
2026-05,Porvenir,FONDO DE PENSIONES OBLIGATORIAS PORVENIR CONSERVADOR,BGLT32180141,USD,3382022143.5
2026-05,Porvenir,FONDO DE PENSIONES OBLIGATORIAS PORVENIR RETIRO PROGRAMADO,BGLT05250430,USD,7723967874.0
2026-05,Porvenir,FONDO DE PENSIONES OBLIGATORIAS PORVENIR CONSERVADOR,BGLT32180141,USD,6764044287.0
2026-05,Porvenir,FONDO DE PENSIONES OBLIGATORIAS PORVENIR CONSERVADOR,BGLT32180141,USD,10146066430.5
2026-05,Porvenir,FONDO DE PENSIONES OBLIGATORIAS PORVENIR CONSERVADOR,BGLT10250435,USD,8147470065.0
2026-05,Porvenir,FONDO DE PENSIONES OBLIGATORIO MODERADO,BGLT12071136,USD,19348172445.0
2026-05,Porvenir,FONDO DE PENSIONES OBLIGATORIO MODERADO,BGLT32180141,USD,33820221435.0
2026-05,Porvenir,FONDO DE PENSIONES OBLIGATORIAS PORVENIR CONSERVADOR,BGLT11220432,USD,6279411243.0
2026-05,Porvenir,FONDO DE PENSIONES OBLIGATORIAS PORVENIR CONSERVADOR,BGLT11220432,USD,3139705621.5
2026-05,Porvenir,FONDO DE PENSIONES OBLIGATORIAS PORVENIR CONSERVADOR,BGLT10250435,USD,4073735032.5
2026-05,Porvenir,FONDO DE PENSIONES OBLIGATORIO MODERADO,BGLT12071136,USD,19348172445.0
2026-05,Porvenir,FONDO DE PENSIONES OBLIGATORIO MODERADO,BGLT12071136,USD,85131958758.0
2026-05,Porvenir,FONDO DE PENSIONES OBLIGATORIO MODERADO,BGLT11200433,USD,15843116184.0
2026-05,Colfondos,FONDO DE PENSIONES MODERADO,BGLT30150645,USD,28591731210.0
2026-05,Porvenir,FONDO DE PENSIONES OBLIGATORIO MODERADO,BGLT11200433,USD,31686232368.0
2026-05,Porvenir,FONDO DE PENSIONES OBLIGATORIO MODERADO,BGLT12071136,USD,46435613868.0
2026-05,Porvenir,FONDO DE PENSIONES OBLIGATORIO MODERADO,BGLT05210131,USD,26243710594.5
2026-05,Porvenir,FONDO DE PENSIONES OBLIGATORIO MODERADO,BGLT05210131,USD,26243710594.5
2026-05,Porvenir,FONDO DE PENSIONES OBLIGATORIO MODERADO,BGLT32180141,USD,33820221435.0
2026-05,Porvenir,FONDO DE PENSIONES OBLIGATORIAS PORVENIR RETIRO PROGRAMADO,BGLT30260244,USD,6128386404.0
2026-05,Porvenir,FONDO DE PENSIONES OBLIGATORIAS PORVENIR RETIRO PROGRAMADO,BGLT07210133,USD,3728319966.0
2026-05,Porvenir,FONDO DE PENSIONES OBLIGATORIAS PORVENIR RETIRO PROGRAMADO,BGLT11220432,USD,3139705621.5
2026-05,Porvenir,FONDO DE PENSIONES OBLIGATORIAS PORVENIR CONSERVADOR,BGLT11020234,USD,7831075602.0
2026-05,Porvenir,FONDO DE PENSIONES OBLIGATORIAS PORVENIR CONSERVADOR,BGLT32180141,USD,3382022143.5
2026-05,Porvenir,FONDO DE PENSIONES OBLIGATORIO MODERADO,BGLT07210133,USD,41011519626.0
2026-05,Porvenir,FONDO DE PENSIONES OBLIGATORIAS PORVENIR RETIRO PROGRAMADO,BGLT30150549,USD,2777738880.0
2026-05,Porvenir,FONDO DE PENSIONES OBLIGATORIO MODERADO,BGLT05210131,USD,74982030270.0
2026-05,Porvenir,FONDO DE PENSIONES OBLIGATORIO MODERADO,BGLT12071136,USD,21669953138.4
2026-05,Porvenir,FONDO DE PENSIONES OBLIGATORIAS PORVENIR RETIRO PROGRAMADO,BGLT11220432,USD,3139705621.5
2026-05,Porvenir,FONDO DE PENSIONES OBLIGATORIAS PORVENIR CONSERVADOR,BGLT05250430,USD,28964879527.5
2026-05,Porvenir,FONDO DE PENSIONES OBLIGATORIO MODERADO,BGLT11200433,USD,17823505707.0
2026-05,Porvenir,FONDO DE PENSIONES OBLIGATORIAS PORVENIR RETIRO PROGRAMADO,BGLT31180937,USD,19049874480.0
2026-05,Porvenir,FONDO DE PENSIONES OBLIGATORIO MODERADO,BGLT11150431,USD,64552268130.0
2026-05,Porvenir,FONDO DE PENSIONES OBLIGATORIO MODERADO,BGLT11220432,USD,6279411243.0
2026-05,Porvenir,FONDO DE PENSIONES OBLIGATORIO MODERADO,BGLT12071136,USD,19348172445.0
2026-05,Porvenir,FONDO DE PENSIONES OBLIGATORIO MODERADO,BGLT32180141,USD,16910110717.5
2026-05,Porvenir,FONDO DE PENSIONES OBLIGATORIO MODERADO,BGLT11220432,USD,28257350593.5
2026-05,Porvenir,FONDO DE PENSIONES OBLIGATORIO MODERADO,BGLT07210133,USD,52196479524.0
2026-05,Porvenir,FONDO DE PENSIONES OBLIGATORIO MODERADO,BGLT07210133,USD,85751359218.0
2026-05,Porvenir,FONDO DE PENSIONES OBLIGATORIO MODERADO,BGLT10250435,USD,8147470065.0
2026-05,Porvenir,FONDO DE PENSIONES OBLIGATORIO MODERADO,BGLT11220432,USD,69073523673.0
2026-05,Porvenir,FONDO DE PENSIONES OBLIGATORIO MODERADO,BGLT11020234,USD,15662151204.0
2026-05,Porvenir,FONDO DE CESANTIAS,BGLT07210133,USD,3728319966.0
2026-05,Porvenir,FONDO DE PENSIONES OBLIGATORIO MODERADO,BGLT05250430,USD,25102895590.5
2026-05,Porvenir,FONDO DE PENSIONES OBLIGATORIO MODERADO,BGLT11020234,USD,50901991413.0
2026-05,Porvenir,FONDO DE PENSIONES OBLIGATORIO MODERADO,BGLT07210133,USD,14913279864.0
2026-05,Porvenir,FONDO DE PENSIONES OBLIGATORIO MODERADO,BGLT11020234,USD,43070915811.0
2026-05,Porvenir,FONDO DE PENSIONES OBLIGATORIO MODERADO,BGLT07210133,USD,33554879694.0
2026-05,Porvenir,FONDO DE PENSIONES OBLIGATORIO MODERADO,BGLT12071136,USD,27087441423.0
2026-05,Porvenir,FONDO DE PENSIONES OBLIGATORIO MODERADO,BGLT11020234,USD,5873306701.5
2026-05,Porvenir,FONDO DE PENSIONES OBLIGATORIO MODERADO,BGLT12071136,USD,30957075912.0
2026-05,Porvenir,FONDO DE CESANTIAS,BGLT11200433,USD,3960779046.0
2026-05,Porvenir,FONDO DE PENSIONES OBLIGATORIAS PORVENIR RETIRO PROGRAMADO,BGLT11200433,USD,23764674276.0
2026-05,Porvenir,FONDO DE PENSIONES OBLIGATORIAS PORVENIR RETIRO PROGRAMADO,BGLT11200433,USD,3960779046.0
2026-05,Porvenir,FONDO DE PENSIONES OBLIGATORIAS PORVENIR RETIRO PROGRAMADO,BGLT31180937,USD,22478851886.4
2026-05,Porvenir,FONDO DE PENSIONES OBLIGATORIO MODERADO,BGLT32180141,USD,10146066430.5
2026-05,Porvenir,FONDO DE PENSIONES OBLIGATORIAS PORVENIR RETIRO PROGRAMADO,BGLT05250430,USD,3861983937.0
2026-05,Porvenir,FONDO DE PENSIONES OBLIGATORIO MODERADO,BGLT05250430,USD,28964879527.5
2026-05,Porvenir,FONDO DE PENSIONES OBLIGATORIO MODERADO,BGLT12071136,USD,11608903467.0
2026-05,Porvenir,FONDO DE PENSIONES OBLIGATORIAS PORVENIR RETIRO PROGRAMADO,BGLT11200433,USD,7921558092.0
2026-05,Porvenir,FONDO DE PENSIONES OBLIGATORIO MODERADO,BGLT11200433,USD,11882337138.0
2026-05,Porvenir,FONDO DE PENSIONES OBLIGATORIO MODERADO,BGLT31180937,USD,57149623440.0
2026-05,Porvenir,FONDO DE PENSIONES OBLIGATORIAS PORVENIR RETIRO PROGRAMADO,BGLT32180141,USD,3382022143.5
2026-05,Porvenir,FONDO DE PENSIONES OBLIGATORIO MODERADO,BGLT32180141,USD,16910110717.5
2026-05,Porvenir,FONDO DE PENSIONES OBLIGATORIO MODERADO,BGLT07210133,USD,67109759388.0
2026-05,Porvenir,FONDO DE PENSIONES OBLIGATORIAS PORVENIR RETIRO PROGRAMADO,BGLT12071136,USD,3869634489.0
2026-05,Porvenir,FONDO DE PENSIONES OBLIGATORIO MODERADO,BGLT30260244,USD,9193192444.64
2026-05,Porvenir,FONDO DE PENSIONES OBLIGATORIO MODERADO,BGLT31180937,USD,200785677019.2
2026-05,Porvenir,FONDO DE PENSIONES OBLIGATORIAS PORVENIR RETIRO PROGRAMADO,BGLT07210133,USD,3728319966.0
2026-05,Porvenir,FONDO DE PENSIONES OBLIGATORIAS PORVENIR RETIRO PROGRAMADO,BGLT12071136,USD,17413355200.5
2026-05,Porvenir,FONDO DE PENSIONES OBLIGATORIO MODERADO,BGLT05250430,USD,54067775118.0
2026-05,Porvenir,FONDO DE PENSIONES OBLIGATORIAS PORVENIR RETIRO PROGRAMADO,BGLT07210133,USD,3728319966.0
2026-05,Porvenir,FONDO DE PENSIONES OBLIGATORIAS PORVENIR RETIRO PROGRAMADO,BGLT32180141,USD,16910110717.5
2026-05,Porvenir,FONDO DE PENSIONES OBLIGATORIAS PORVENIR RETIRO PROGRAMADO,BGLT05210131,USD,22494609081.0
2026-05,Porvenir,FONDO DE PENSIONES OBLIGATORIAS PORVENIR RETIRO PROGRAMADO,BGLT11220432,USD,4709558432.25
2026-05,Porvenir,FONDO DE PENSIONES OBLIGATORIAS PORVENIR RETIRO PROGRAMADO,BGLT07210133,USD,11184959898.0
2026-05,Porvenir,FONDO DE PENSIONES OBLIGATORIAS PORVENIR RETIRO PROGRAMADO,BGLT11020234,USD,19577689005.0
2026-05,Porvenir,FONDO DE PENSIONES OBLIGATORIAS PORVENIR RETIRO PROGRAMADO,BGLT07210133,USD,7456639932.0
2026-05,Porvenir,FONDO DE PENSIONES OBLIGATORIAS PORVENIR RETIRO PROGRAMADO,BGLT11220432,USD,6279411243.0
2026-05,Porvenir,FONDO DE PENSIONES OBLIGATORIAS PORVENIR RETIRO PROGRAMADO,BGLT32180141,USD,3382022143.5
2026-05,Porvenir,FONDO DE PENSIONES OBLIGATORIAS PORVENIR RETIRO PROGRAMADO,BGLT11220432,USD,21977939350.5
2026-05,Porvenir,FONDO DE PENSIONES OBLIGATORIO MODERADO,BGLT11220432,USD,62794112430.0
2026-05,Porvenir,FONDO DE PENSIONES OBLIGATORIO MODERADO,BGLT30150549,USD,1519423167.36
2026-05,Porvenir,FONDO DE PENSIONES OBLIGATORIAS PORVENIR RETIRO PROGRAMADO,BGLT11020234,USD,3915537801.0
2026-05,Porvenir,FONDO DE PENSIONES OBLIGATORIO MODERADO,BGLT12071136,USD,15478537956.0
2026-05,Porvenir,FONDO DE PENSIONES OBLIGATORIO MODERADO,BGLT07210133,USD,14913279864.0
2026-05,Porvenir,FONDO DE PENSIONES OBLIGATORIAS PORVENIR RETIRO PROGRAMADO,BGLT30260244,USD,15320966010.0
2026-05,Porvenir,FONDO DE PENSIONES OBLIGATORIO MODERADO,BGLT11200433,USD,47529348552.0
2026-05,Porvenir,FONDO DE PENSIONES OBLIGATORIO MODERADO,BGLT11200433,USD,3960779046.0
2026-05,Porvenir,FONDO DE PENSIONES OBLIGATORIO MODERADO,BGLT32180141,USD,16910110717.5
2026-05,Porvenir,FONDO DE PENSIONES OBLIGATORIO MODERADO,BGLT07210133,USD,74566399320.0
2026-05,Porvenir,FONDO DE PENSIONES OBLIGATORIO MODERADO,BGLT32180141,USD,20292132861.0
2026-05,Porvenir,FONDO DE PENSIONES OBLIGATORIO MODERADO,BGLT32180141,USD,10146066430.5
2026-05,Porvenir,FONDO DE PENSIONES OBLIGATORIO MODERADO,BGLT12071136,USD,58044517335.0
2026-05,Porvenir,FONDO DE PENSIONES OBLIGATORIO MODERADO,BGLT32180141,USD,16910110717.5
2026-05,Porvenir,FONDO DE PENSIONES OBLIGATORIO MODERADO,BGLT07210133,USD,14913279864.0
2026-05,Porvenir,FONDO DE PENSIONES OBLIGATORIO MODERADO,BGLT07210133,USD,14913279864.0
2026-05,Porvenir,FONDO DE PENSIONES OBLIGATORIO MODERADO,BGLT03190928,EUR,4575852152.4
2026-05,Porvenir,FONDO DE CESANTIAS,BGLT32180141,USD,6764044287.0
2026-05,Porvenir,FONDO DE CESANTIAS,BGLT31180937,USD,7619949792.0
2026-05,Porvenir,FONDO DE CESANTIAS,BGLT05250430,USD,3861983937.0
2026-05,Porvenir,FONDO DE PENSIONES OBLIGATORIO MODERADO,BGLT05250430,USD,19309919685.0
2026-05,Porvenir,FONDO DE CESANTIAS,BGLT11200433,USD,3960779046.0
2026-05,Porvenir,FONDO DE PENSIONES OBLIGATORIO MODERADO,BGLT11220432,USD,28257350593.5
2026-05,Porvenir,FONDO DE CESANTIAS,BGLT11200433,USD,3960779046.0
2026-05,Porvenir,FONDO DE PENSIONES OBLIGATORIO MODERADO,BGLT11020234,USD,23493226806.0
2026-05,Porvenir,FONDO DE PENSIONES OBLIGATORIAS PORVENIR CONSERVADOR,BGLT30260244,USD,9192579606.0
2026-05,Porvenir,FONDO DE CESANTIAS,BGLT11220432,USD,3139705621.5
2026-05,Porvenir,FONDO DE CESANTIAS,BGLT32180141,USD,16910110717.5
2026-05,Porvenir,FONDO DE CESANTIAS,BGLT11220432,USD,4709558432.25
2026-05,Porvenir,FONDO DE CESANTIAS,BGLT07210133,USD,3728319966.0
2026-05,Porvenir,FONDO DE CESANTIAS,BGLT07210133,USD,3728319966.0
2026-05,Porvenir,FONDO DE CESANTIAS,BGLT07210133,USD,7456639932.0
2026-05,Porvenir,FONDO DE CESANTIAS,BGLT11200433,USD,1980389523.0
2026-05,Porvenir,FONDO DE CESANTIAS,BGLT07210133,USD,3728319966.0
2026-05,Porvenir,FONDO DE CESANTIAS,BGLT31180937,USD,11429924688.0
2026-05,Porvenir,FONDO DE CESANTIAS,BGLT11220432,USD,3139705621.5
2026-05,Porvenir,FONDO DE PENSIONES OBLIGATORIAS PORVENIR RETIRO PROGRAMADO,BGLT12071136,USD,3869634489.0
2026-05,Porvenir,FONDO DE PENSIONES OBLIGATORIAS PORVENIR RETIRO PROGRAMADO,BGLT11200433,USD,3960779046.0
2026-05,Porvenir,FONDO DE PENSIONES OBLIGATORIAS PORVENIR CONSERVADOR,BGLT11020234,USD,3915537801.0
2026-05,Porvenir,FONDO DE CESANTIAS,BGLT05210131,USD,7498203027.0
2026-05,Porvenir,FONDO DE PENSIONES OBLIGATORIAS PORVENIR RETIRO PROGRAMADO,BGLT12071136,USD,3869634489.0
2026-05,Porvenir,FONDO DE PENSIONES OBLIGATORIAS PORVENIR RETIRO PROGRAMADO,BGLT07210133,USD,3728319966.0
2026-05,Porvenir,FONDO DE PENSIONES OBLIGATORIAS PORVENIR RETIRO PROGRAMADO,BGLT32180141,USD,6764044287.0
2026-05,Porvenir,FONDO DE PENSIONES OBLIGATORIAS PORVENIR RETIRO PROGRAMADO,BGLT03190928,EUR,56492001881.52
2026-05,Porvenir,FONDO DE CESANTIAS,BGLT10250435,USD,4073735032.5
2026-05,Porvenir,FONDO DE PENSIONES OBLIGATORIAS PORVENIR CONSERVADOR,BGLT12071136,USD,3869634489.0
2026-05,Porvenir,FONDO DE PENSIONES OBLIGATORIAS PORVENIR RETIRO PROGRAMADO,BGLT32180141,USD,60876398583.0
2026-05,Porvenir,FONDO DE PENSIONES OBLIGATORIAS PORVENIR RETIRO PROGRAMADO,BGLT12071136,USD,19348172445.0
2026-05,Porvenir,FONDO DE PENSIONES OBLIGATORIAS PORVENIR RETIRO PROGRAMADO,BGLT05250430,USD,5792975905.5
2026-05,Porvenir,FONDO DE PENSIONES OBLIGATORIAS PORVENIR RETIRO PROGRAMADO,BGLT32180141,USD,3382022143.5
2026-05,Colfondos,FONDO DE PENSIONES MODERADO,BGLT30150645,USD,28591731210.0
2026-05,Porvenir,FONDO DE PENSIONES OBLIGATORIAS PORVENIR CONSERVADOR,BGLT30260244,USD,6128386404.0
2026-05,Porvenir,FONDO DE PENSIONES OBLIGATORIAS PORVENIR CONSERVADOR,BGLT12071136,USD,11608903467.0
2026-05,Colfondos,FONDO DE PENSIONES MODERADO,BGLT30150645,USD,28591731210.0
2026-05,Colfondos,FONDO DE PENSIONES COLFONDOS MAYOR RIESGO,BGLT30150645,USD,33738242827.8
2026-05,Porvenir,FONDO DE PENSIONES OBLIGATORIAS PORVENIR MAYOR RIESGO,BGLT30260244,USD,5471729800.81
2026-05,Porvenir,FONDO DE PENSIONES OBLIGATORIAS PORVENIR MAYOR RIESGO,BGLT11220432,USD,53374995565.5
2026-05,Porvenir,FONDO DE PENSIONES OBLIGATORIAS PORVENIR MAYOR RIESGO,BGLT30260244,USD,4019915061.7
2026-05,Porvenir,FONDO DE PENSIONES OBLIGATORIO MODERADO,BGLT11220432,USD,28257350593.5
2026-05,Porvenir,FONDO DE PENSIONES OBLIGATORIO MODERADO,BGLT32180141,USD,13528088574.0
2026-05,Porvenir,FONDO DE PENSIONES OBLIGATORIO MODERADO,BGLT12071136,USD,25152624178.5
2026-05,Porvenir,FONDO DE PENSIONES OBLIGATORIAS PORVENIR MAYOR RIESGO,BGLT12071136,USD,3869634489.0
2026-05,Porvenir,FONDO DE PENSIONES OBLIGATORIAS PORVENIR MAYOR RIESGO,BGLT11220432,USD,25117644972.0
2026-05,Porvenir,FONDO DE PENSIONES OBLIGATORIAS PORVENIR MAYOR RIESGO,BGLT30260244,USD,2513864102.92
2026-05,Porvenir,FONDO DE PENSIONES OBLIGATORIAS PORVENIR MAYOR RIESGO,BGLT11020234,USD,66564142617.0
2026-05,Porvenir,FONDO DE PENSIONES OBLIGATORIAS PORVENIR MAYOR RIESGO,BGLT11220432,USD,18838233729.0
2026-05,Porvenir,FONDO DE PENSIONES OBLIGATORIAS PORVENIR MAYOR RIESGO,BGLT30150549,USD,1552756033.92
2026-05,Porvenir,FONDO DE PENSIONES OBLIGATORIAS PORVENIR MAYOR RIESGO,BGLT32180141,USD,16910110717.5
2026-05,Porvenir,FONDO DE PENSIONES OBLIGATORIAS PORVENIR MAYOR RIESGO,BGLT10250435,USD,16294940130.0
2026-05,Porvenir,FONDO DE PENSIONES OBLIGATORIAS PORVENIR MAYOR RIESGO,BGLT07210133,USD,14913279864.0
2026-05,Porvenir,FONDO DE PENSIONES OBLIGATORIAS PORVENIR MAYOR RIESGO,BGLT30260244,USD,6994020983.56
2026-05,Porvenir,FONDO DE PENSIONES OBLIGATORIAS PORVENIR MAYOR RIESGO,BGLT32180141,USD,27056177148.0
2026-05,Porvenir,FONDO DE PENSIONES OBLIGATORIAS PORVENIR MAYOR RIESGO,BGLT11020234,USD,3915537801.0
2026-05,Porvenir,FONDO DE PENSIONES OBLIGATORIAS PORVENIR MAYOR RIESGO,BGLT11200433,USD,11882337138.0
2026-05,Porvenir,FONDO DE PENSIONES OBLIGATORIAS PORVENIR MAYOR RIESGO,BGLT11020234,USD,23493226806.0
2026-05,Porvenir,FONDO DE PENSIONES OBLIGATORIAS PORVENIR MAYOR RIESGO,BGLT05250430,USD,15447935748.0
2026-05,Porvenir,FONDO DE PENSIONES OBLIGATORIAS PORVENIR MAYOR RIESGO,BGLT10250435,USD,4073735032.5
2026-05,Porvenir,FONDO DE PENSIONES OBLIGATORIAS PORVENIR MAYOR RIESGO,BGLT07210133,USD,11184959898.0
2026-05,Porvenir,FONDO DE PENSIONES OBLIGATORIAS PORVENIR MAYOR RIESGO,BGLT30260244,USD,8170058334.49
2026-05,Porvenir,FONDO DE PENSIONES OBLIGATORIAS PORVENIR MAYOR RIESGO,BGLT11020234,USD,39155378010.0
2026-05,Porvenir,FONDO DE PENSIONES OBLIGATORIAS PORVENIR MAYOR RIESGO,BGLT12071136,USD,3869634489.0
2026-05,Porvenir,FONDO DE PENSIONES OBLIGATORIAS PORVENIR MAYOR RIESGO,BGLT30260244,USD,14051164347.09
2026-05,Porvenir,FONDO DE PENSIONES OBLIGATORIAS PORVENIR MAYOR RIESGO,BGLT11200433,USD,23764674276.0
2026-05,Porvenir,FONDO DE PENSIONES OBLIGATORIAS PORVENIR MAYOR RIESGO,BGLT32180141,USD,13528088574.0
2026-05,Porvenir,FONDO DE PENSIONES OBLIGATORIAS PORVENIR MAYOR RIESGO,BGLT30150645,USD,23731136.9
2026-05,Porvenir,FONDO DE PENSIONES OBLIGATORIAS PORVENIR MAYOR RIESGO,BGLT30260244,USD,3520757989.1
2026-05,Porvenir,FONDO DE PENSIONES OBLIGATORIAS PORVENIR MAYOR RIESGO,BGLT05250430,USD,30895871496.0
2026-05,Porvenir,FONDO DE PENSIONES OBLIGATORIAS PORVENIR MAYOR RIESGO,BGLT11020234,USD,15662151204.0
2026-05,Porvenir,FONDO DE PENSIONES OBLIGATORIAS PORVENIR MAYOR RIESGO,BGLT30260244,USD,4967670019.08
2026-05,Porvenir,FONDO DE PENSIONES OBLIGATORIAS PORVENIR MAYOR RIESGO,BGLT07210133,USD,63381439422.0
2026-05,Porvenir,FONDO DE PENSIONES OBLIGATORIAS PORVENIR MAYOR RIESGO,BGLT07210133,USD,7456639932.0
2026-05,Porvenir,FONDO DE PENSIONES OBLIGATORIAS PORVENIR MAYOR RIESGO,BGLT11220432,USD,25117644972.0
2026-05,Porvenir,FONDO DE PENSIONES OBLIGATORIAS PORVENIR MAYOR RIESGO,BGLT11220432,USD,21977939350.5
2026-05,Porvenir,FONDO DE PENSIONES OBLIGATORIAS PORVENIR MAYOR RIESGO,BGLT11200433,USD,5941168569.0
2026-05,Porvenir,FONDO DE PENSIONES OBLIGATORIAS PORVENIR MAYOR RIESGO,BGLT07210133,USD,7456639932.0
2026-05,Porvenir,FONDO DE PENSIONES OBLIGATORIAS PORVENIR MAYOR RIESGO,BGLT32180141,USD,16910110717.5
2026-05,Porvenir,FONDO DE PENSIONES OBLIGATORIAS PORVENIR MAYOR RIESGO,BGLT11200433,USD,17823505707.0
2026-05,Porvenir,FONDO DE PENSIONES OBLIGATORIAS PORVENIR MAYOR RIESGO,BGLT12071136,USD,38696344890.0
2026-05,Porvenir,FONDO DE PENSIONES OBLIGATORIAS PORVENIR MAYOR RIESGO,BGLT11150431,USD,48414201097.5
2026-05,Porvenir,FONDO DE PENSIONES OBLIGATORIAS PORVENIR MAYOR RIESGO,BGLT30260244,USD,2494253266.43
2026-05,Porvenir,FONDO DE PENSIONES OBLIGATORIAS PORVENIR MAYOR RIESGO,BGLT11220432,USD,53374995565.5
2026-05,Porvenir,FONDO DE PENSIONES OBLIGATORIAS PORVENIR MAYOR RIESGO,BGLT07210133,USD,37283199660.0
2026-05,Porvenir,FONDO DE PENSIONES OBLIGATORIAS PORVENIR MAYOR RIESGO,BGLT10250435,USD,16294940130.0
2026-05,Porvenir,FONDO DE PENSIONES OBLIGATORIAS PORVENIR MAYOR RIESGO,BGLT30260244,USD,11978544065.26
2026-05,Porvenir,FONDO DE PENSIONES OBLIGATORIAS PORVENIR MAYOR RIESGO,BGLT32180141,USD,10146066430.5
2026-05,Porvenir,FONDO DE PENSIONES OBLIGATORIAS PORVENIR MAYOR RIESGO,BGLT12071136,USD,11608903467.0
2026-05,Porvenir,FONDO DE PENSIONES OBLIGATORIAS PORVENIR MAYOR RIESGO,BGLT30260244,USD,18385159212.0
2026-05,Porvenir,FONDO DE PENSIONES OBLIGATORIAS PORVENIR MAYOR RIESGO,BGLT07210133,USD,37283199660.0
2026-05,Porvenir,FONDO DE PENSIONES OBLIGATORIAS PORVENIR MAYOR RIESGO,BGLT31180937,USD,45719698752.0
2026-05,Porvenir,FONDO DE PENSIONES OBLIGATORIAS PORVENIR MAYOR RIESGO,BGLT32180141,USD,20292132861.0
2026-05,Porvenir,FONDO DE PENSIONES OBLIGATORIAS PORVENIR MAYOR RIESGO,BGLT07210133,USD,7456639932.0
2026-05,Porvenir,FONDO DE PENSIONES OBLIGATORIAS PORVENIR MAYOR RIESGO,BGLT11200433,USD,7921558092.0
2026-05,Porvenir,FONDO DE PENSIONES OBLIGATORIAS PORVENIR MAYOR RIESGO,BGLT11200433,USD,31686232368.0
2026-05,Porvenir,FONDO DE PENSIONES OBLIGATORIAS PORVENIR MAYOR RIESGO,BGLT12071136,USD,50305248357.0
2026-05,Porvenir,FONDO DE PENSIONES OBLIGATORIAS PORVENIR MAYOR RIESGO,BGLT32180141,USD,13528088574.0
2026-05,Porvenir,FONDO DE PENSIONES OBLIGATORIAS PORVENIR MAYOR RIESGO,BGLT05210131,USD,22494609081.0
2026-05,Porvenir,FONDO DE PENSIONES OBLIGATORIAS PORVENIR MAYOR RIESGO,BGLT32180141,USD,6764044287.0
2026-05,Porvenir,FONDO DE PENSIONES OBLIGATORIAS PORVENIR MAYOR RIESGO,BGLT07210133,USD,22369919796.0
2026-05,Porvenir,FONDO DE PENSIONES OBLIGATORIAS PORVENIR MAYOR RIESGO,BGLT30260244,USD,4406309824.48
2026-05,Porvenir,FONDO DE PENSIONES OBLIGATORIAS PORVENIR MAYOR RIESGO,BGLT30260244,USD,5779068378.97
2026-05,Porvenir,FONDO DE PENSIONES OBLIGATORIAS PORVENIR MAYOR RIESGO,BGLT30150227,USD,1912803516.75
2026-05,Porvenir,FONDO DE PENSIONES OBLIGATORIAS PORVENIR MAYOR RIESGO,BGLT11220432,USD,47095584322.5
2026-05,Porvenir,FONDO DE PENSIONES OBLIGATORIAS PORVENIR MAYOR RIESGO,BGLT31180937,USD,93344384952.0
2026-05,Porvenir,FONDO DE PENSIONES OBLIGATORIAS PORVENIR MAYOR RIESGO,BGLT30260244,USD,17073378102.22
2026-05,Porvenir,FONDO DE PENSIONES OBLIGATORIAS PORVENIR MAYOR RIESGO,BGLT11200433,USD,1980389523.0
2026-05,Porvenir,FONDO DE PENSIONES OBLIGATORIAS PORVENIR MAYOR RIESGO,BGLT32180141,USD,27056177148.0
2026-05,Porvenir,FONDO DE PENSIONES OBLIGATORIAS PORVENIR MAYOR RIESGO,BGLT05210131,USD,22494609081.0
2026-05,Porvenir,FONDO DE PENSIONES OBLIGATORIAS PORVENIR MAYOR RIESGO,BGLT07210133,USD,55924799490.0
2026-05,Porvenir,FONDO DE PENSIONES OBLIGATORIAS PORVENIR MAYOR RIESGO,BGLT30260244,USD,12486893717.47
2026-05,Porvenir,FONDO DE PENSIONES OBLIGATORIAS PORVENIR MAYOR RIESGO,BGLT07210133,USD,26098239762.0
2026-05,Porvenir,FONDO DE PENSIONES OBLIGATORIAS PORVENIR MAYOR RIESGO,BGLT05210131,USD,63734725729.5
2026-05,Porvenir,FONDO DE PENSIONES OBLIGATORIAS PORVENIR MAYOR RIESGO,BGLT07210133,USD,14913279864.0
2026-05,Porvenir,FONDO DE PENSIONES OBLIGATORIAS PORVENIR MAYOR RIESGO,BGLT32180141,USD,10146066430.5
2026-05,Porvenir,FONDO DE PENSIONES OBLIGATORIAS PORVENIR MAYOR RIESGO,BGLT11020234,USD,7831075602.0
2026-05,Porvenir,FONDO DE PENSIONES OBLIGATORIAS PORVENIR MAYOR RIESGO,BGLT32180141,USD,33820221435.0
2026-05,Porvenir,FONDO DE PENSIONES OBLIGATORIAS PORVENIR MAYOR RIESGO,BGLT11220432,USD,53374995565.5
